5,-19,lDmjq4UgVSoAimP/GDXzhwQCqYg=,muoWz+mqFMYvaaeRRPBixML9w+Q=
5,-17,lDmjq4UgVSoAimP/GDXzhwQCqYg=,muoWz+mqFMYvaaeRRPBixML9w+Q=
6,-17,lDmjq4UgVSoAimP/GDXzhwQCqYg=,muoWz+mqFMYvaaeRRPBixML9w+Q=
7,-17,lDmjq4UgVSoAimP/GDXzhwQCqYg=,muoWz+mqFMYvaaeRRPBixML9w+Q=
5,-18,lDmjq4UgVSoAimP/GDXzhwQCqYg=,muoWz+mqFMYvaaeRRPBixML9w+Q=
5,-20,lDmjq4UgVSoAimP/GDXzhwQCqYg=,muoWz+mqFMYvaaeRRPBixML9w+Q=
7,-18,lDmjq4UgVSoAimP/GDXzhwQCqYg=,muoWz+mqFMYvaaeRRPBixML9w+Q=
7,-20,lDmjq4UgVSoAimP/GDXzhwQCqYg=,muoWz+mqFMYvaaeRRPBixML9w+Q=
6,-18,lDmjq4UgVSoAimP/GDXzhwQCqYg=,muoWz+mqFMYvaaeRRPBixML9w+Q=
7,-19,lDmjq4UgVSoAimP/GDXzhwQCqYg=,muoWz+mqFMYvaaeRRPBixML9w+Q=
6,-19,lDmjq4UgVSoAimP/GDXzhwQCqYg=,muoWz+mqFMYvaaeRRPBixML9w+Q=
6,-20,lDmjq4UgVSoAimP/GDXzhwQCqYg=,muoWz+mqFMYvaaeRRPBixML9w+Q=
0,-17,lDmjq4UgVSoAimP/GDXzhwQCqYg=,O0z+dHGayefCtQG4m1IoQULf8NA=
1,-17,lDmjq4UgVSoAimP/GDXzhwQCqYg=,O0z+dHGayefCtQG4m1IoQULf8NA=
2,-17,lDmjq4UgVSoAimP/GDXzhwQCqYg=,O0z+dHGayefCtQG4m1IoQULf8NA=
0,-20,lDmjq4UgVSoAimP/GDXzhwQCqYg=,O0z+dHGayefCtQG4m1IoQULf8NA=
3,-20,lDmjq4UgVSoAimP/GDXzhwQCqYg=,O0z+dHGayefCtQG4m1IoQULf8NA=
3,-18,lDmjq4UgVSoAimP/GDXzhwQCqYg=,O0z+dHGayefCtQG4m1IoQULf8NA=
4,-17,lDmjq4UgVSoAimP/GDXzhwQCqYg=,muoWz+mqFMYvaaeRRPBixML9w+Q=
4,-19,lDmjq4UgVSoAimP/GDXzhwQCqYg=,muoWz+mqFMYvaaeRRPBixML9w+Q=
2,-18,lDmjq4UgVSoAimP/GDXzhwQCqYg=,O0z+dHGayefCtQG4m1IoQULf8NA=
2,-20,lDmjq4UgVSoAimP/GDXzhwQCqYg=,O0z+dHGayefCtQG4m1IoQULf8NA=
0,-19,lDmjq4UgVSoAimP/GDXzhwQCqYg=,O0z+dHGayefCtQG4m1IoQULf8NA=
1,-18,lDmjq4UgVSoAimP/GDXzhwQCqYg=,O0z+dHGayefCtQG4m1IoQULf8NA=
0,-18,lDmjq4UgVSoAimP/GDXzhwQCqYg=,O0z+dHGayefCtQG4m1IoQULf8NA=
1,-20,lDmjq4UgVSoAimP/GDXzhwQCqYg=,O0z+dHGayefCtQG4m1IoQULf8NA=
4,-20,lDmjq4UgVSoAimP/GDXzhwQCqYg=,muoWz+mqFMYvaaeRRPBixML9w+Q=
3,-19,lDmjq4UgVSoAimP/GDXzhwQCqYg=,O0z+dHGayefCtQG4m1IoQULf8NA=
2,-19,lDmjq4UgVSoAimP/GDXzhwQCqYg=,O0z+dHGayefCtQG4m1IoQULf8NA=
4,-18,lDmjq4UgVSoAimP/GDXzhwQCqYg=,muoWz+mqFMYvaaeRRPBixML9w+Q=
1,-19,lDmjq4UgVSoAimP/GDXzhwQCqYg=,O0z+dHGayefCtQG4m1IoQULf8NA=
3,-17,lDmjq4UgVSoAimP/GDXzhwQCqYg=,O0z+dHGayefCtQG4m1IoQULf8NA=
12,-3,lDmjq4UgVSoAimP/GDXzhwQCqYg=,atrbO9z1ckyeT+y6GmYIYpJaitU=
13,-3,lDmjq4UgVSoAimP/GDXzhwQCqYg=,atrbO9z1ckyeT+y6GmYIYpJaitU=
14,-3,lDmjq4UgVSoAimP/GDXzhwQCqYg=,atrbO9z1ckyeT+y6GmYIYpJaitU=
15,-3,lDmjq4UgVSoAimP/GDXzhwQCqYg=,atrbO9z1ckyeT+y6GmYIYpJaitU=
12,-2,lDmjq4UgVSoAimP/GDXzhwQCqYg=,atrbO9z1ckyeT+y6GmYIYpJaitU=
13,-2,lDmjq4UgVSoAimP/GDXzhwQCqYg=,atrbO9z1ckyeT+y6GmYIYpJaitU=
14,-2,lDmjq4UgVSoAimP/GDXzhwQCqYg=,atrbO9z1ckyeT+y6GmYIYpJaitU=
15,-2,lDmjq4UgVSoAimP/GDXzhwQCqYg=,atrbO9z1ckyeT+y6GmYIYpJaitU=
5,-7,lDmjq4UgVSoAimP/GDXzhwQCqYg=,dxFdfHwFAHdI5R4+mOLVayKs/nM=
6,-7,lDmjq4UgVSoAimP/GDXzhwQCqYg=,dxFdfHwFAHdI5R4+mOLVayKs/nM=
5,-6,lDmjq4UgVSoAimP/GDXzhwQCqYg=,dxFdfHwFAHdI5R4+mOLVayKs/nM=
6,-6,lDmjq4UgVSoAimP/GDXzhwQCqYg=,dxFdfHwFAHdI5R4+mOLVayKs/nM=
5,-3,hK5YOidJ6gXaxmpPC1YZwdl0nYY=,HCIKduChCdokKdQywIDnxsA4a50=
5,-5,hK5YOidJ6gXaxmpPC1YZwdl0nYY=,dxFdfHwFAHdI5R4+mOLVayKs/nM=
6,-5,hK5YOidJ6gXaxmpPC1YZwdl0nYY=,dxFdfHwFAHdI5R4+mOLVayKs/nM=
6,-3,hK5YOidJ6gXaxmpPC1YZwdl0nYY=,HCIKduChCdokKdQywIDnxsA4a50=
7,-3,hK5YOidJ6gXaxmpPC1YZwdl0nYY=,HCIKduChCdokKdQywIDnxsA4a50=
5,-4,hK5YOidJ6gXaxmpPC1YZwdl0nYY=,HCIKduChCdokKdQywIDnxsA4a50=
5,-2,hK5YOidJ6gXaxmpPC1YZwdl0nYY=,HCIKduChCdokKdQywIDnxsA4a50=
6,-2,hK5YOidJ6gXaxmpPC1YZwdl0nYY=,HCIKduChCdokKdQywIDnxsA4a50=
6,-4,hK5YOidJ6gXaxmpPC1YZwdl0nYY=,HCIKduChCdokKdQywIDnxsA4a50=
7,-2,hK5YOidJ6gXaxmpPC1YZwdl0nYY=,HCIKduChCdokKdQywIDnxsA4a50=
6,-9,Gk9enlP3kUjH3BT9UMn0fM8g3Q0=,hFsyjDF20Ez7RwdBuE6MoaOxaD0=
5,-10,Gk9enlP3kUjH3BT9UMn0fM8g3Q0=,hFsyjDF20Ez7RwdBuE6MoaOxaD0=
6,-10,Gk9enlP3kUjH3BT9UMn0fM8g3Q0=,hFsyjDF20Ez7RwdBuE6MoaOxaD0=
6,-11,Gk9enlP3kUjH3BT9UMn0fM8g3Q0=,hFsyjDF20Ez7RwdBuE6MoaOxaD0=
5,-11,Gk9enlP3kUjH3BT9UMn0fM8g3Q0=,hFsyjDF20Ez7RwdBuE6MoaOxaD0=
5,-9,Gk9enlP3kUjH3BT9UMn0fM8g3Q0=,hFsyjDF20Ez7RwdBuE6MoaOxaD0=
5,-8,Gk9enlP3kUjH3BT9UMn0fM8g3Q0=,dxFdfHwFAHdI5R4+mOLVayKs/nM=
6,-8,Gk9enlP3kUjH3BT9UMn0fM8g3Q0=,dxFdfHwFAHdI5R4+mOLVayKs/nM=
5,-12,Gk9enlP3kUjH3BT9UMn0fM8g3Q0=,hFsyjDF20Ez7RwdBuE6MoaOxaD0=
6,-14,Gk9enlP3kUjH3BT9UMn0fM8g3Q0=,H3qlRSpOUEKFiioZe4NiG/hFzdk=
6,-13,Gk9enlP3kUjH3BT9UMn0fM8g3Q0=,H3qlRSpOUEKFiioZe4NiG/hFzdk=
5,-14,Gk9enlP3kUjH3BT9UMn0fM8g3Q0=,H3qlRSpOUEKFiioZe4NiG/hFzdk=
5,-13,Gk9enlP3kUjH3BT9UMn0fM8g3Q0=,H3qlRSpOUEKFiioZe4NiG/hFzdk=
6,-15,Gk9enlP3kUjH3BT9UMn0fM8g3Q0=,H3qlRSpOUEKFiioZe4NiG/hFzdk=
6,-12,Gk9enlP3kUjH3BT9UMn0fM8g3Q0=,hFsyjDF20Ez7RwdBuE6MoaOxaD0=
5,-15,Gk9enlP3kUjH3BT9UMn0fM8g3Q0=,H3qlRSpOUEKFiioZe4NiG/hFzdk=
4,-10,Gk9enlP3kUjH3BT9UMn0fM8g3Q0=,hFsyjDF20Ez7RwdBuE6MoaOxaD0=
1,-11,jvK36XnYHAhgmArS+xblacB2LcU=,BsMhXM141OKHytVDef9ft2fBh/I=
2,-11,jvK36XnYHAhgmArS+xblacB2LcU=,BsMhXM141OKHytVDef9ft2fBh/I=
3,-11,jvK36XnYHAhgmArS+xblacB2LcU=,BsMhXM141OKHytVDef9ft2fBh/I=
4,-11,jvK36XnYHAhgmArS+xblacB2LcU=,hFsyjDF20Ez7RwdBuE6MoaOxaD0=
1,-10,jvK36XnYHAhgmArS+xblacB2LcU=,BsMhXM141OKHytVDef9ft2fBh/I=
2,-10,jvK36XnYHAhgmArS+xblacB2LcU=,BsMhXM141OKHytVDef9ft2fBh/I=
3,-10,jvK36XnYHAhgmArS+xblacB2LcU=,BsMhXM141OKHytVDef9ft2fBh/I=
0,-11,jvK36XnYHAhgmArS+xblacB2LcU=,BsMhXM141OKHytVDef9ft2fBh/I=
0,-10,jvK36XnYHAhgmArS+xblacB2LcU=,BsMhXM141OKHytVDef9ft2fBh/I=
4,-12,jvK36XnYHAhgmArS+xblacB2LcU=,hFsyjDF20Ez7RwdBuE6MoaOxaD0=
4,-15,jvK36XnYHAhgmArS+xblacB2LcU=,H3qlRSpOUEKFiioZe4NiG/hFzdk=
3,-13,jvK36XnYHAhgmArS+xblacB2LcU=,+Wx7ofyv7qi2V6BpxYrUbaLNOmk=
2,-13,jvK36XnYHAhgmArS+xblacB2LcU=,+Wx7ofyv7qi2V6BpxYrUbaLNOmk=
1,-12,jvK36XnYHAhgmArS+xblacB2LcU=,BsMhXM141OKHytVDef9ft2fBh/I=
3,-14,jvK36XnYHAhgmArS+xblacB2LcU=,+Wx7ofyv7qi2V6BpxYrUbaLNOmk=
2,-14,jvK36XnYHAhgmArS+xblacB2LcU=,+Wx7ofyv7qi2V6BpxYrUbaLNOmk=
1,-13,jvK36XnYHAhgmArS+xblacB2LcU=,+Wx7ofyv7qi2V6BpxYrUbaLNOmk=
1,-14,jvK36XnYHAhgmArS+xblacB2LcU=,+Wx7ofyv7qi2V6BpxYrUbaLNOmk=
4,-14,jvK36XnYHAhgmArS+xblacB2LcU=,H3qlRSpOUEKFiioZe4NiG/hFzdk=
4,-13,jvK36XnYHAhgmArS+xblacB2LcU=,H3qlRSpOUEKFiioZe4NiG/hFzdk=
3,-12,jvK36XnYHAhgmArS+xblacB2LcU=,BsMhXM141OKHytVDef9ft2fBh/I=
3,-15,jvK36XnYHAhgmArS+xblacB2LcU=,+Wx7ofyv7qi2V6BpxYrUbaLNOmk=
2,-12,jvK36XnYHAhgmArS+xblacB2LcU=,BsMhXM141OKHytVDef9ft2fBh/I=
1,-15,jvK36XnYHAhgmArS+xblacB2LcU=,+Wx7ofyv7qi2V6BpxYrUbaLNOmk=
2,-15,jvK36XnYHAhgmArS+xblacB2LcU=,+Wx7ofyv7qi2V6BpxYrUbaLNOmk=
1,-16,jvK36XnYHAhgmArS+xblacB2LcU=,+Wx7ofyv7qi2V6BpxYrUbaLNOmk=
2,-16,jvK36XnYHAhgmArS+xblacB2LcU=,+Wx7ofyv7qi2V6BpxYrUbaLNOmk=
4,-7,jvK36XnYHAhgmArS+xblacB2LcU=,dxFdfHwFAHdI5R4+mOLVayKs/nM=
4,-6,jvK36XnYHAhgmArS+xblacB2LcU=,dxFdfHwFAHdI5R4+mOLVayKs/nM=
0,-7,jvK36XnYHAhgmArS+xblacB2LcU=,DMJePJAIrQl9/hSaJBWaF9eqqTA=
1,-7,jvK36XnYHAhgmArS+xblacB2LcU=,DMJePJAIrQl9/hSaJBWaF9eqqTA=
3,-6,jvK36XnYHAhgmArS+xblacB2LcU=,DMJePJAIrQl9/hSaJBWaF9eqqTA=
2,-7,jvK36XnYHAhgmArS+xblacB2LcU=,DMJePJAIrQl9/hSaJBWaF9eqqTA=
3,-7,jvK36XnYHAhgmArS+xblacB2LcU=,DMJePJAIrQl9/hSaJBWaF9eqqTA=
0,-9,jvK36XnYHAhgmArS+xblacB2LcU=,BsMhXM141OKHytVDef9ft2fBh/I=
1,-9,jvK36XnYHAhgmArS+xblacB2LcU=,BsMhXM141OKHytVDef9ft2fBh/I=
4,-9,jvK36XnYHAhgmArS+xblacB2LcU=,hFsyjDF20Ez7RwdBuE6MoaOxaD0=
2,-9,jvK36XnYHAhgmArS+xblacB2LcU=,BsMhXM141OKHytVDef9ft2fBh/I=
0,-6,jvK36XnYHAhgmArS+xblacB2LcU=,DMJePJAIrQl9/hSaJBWaF9eqqTA=
1,-6,jvK36XnYHAhgmArS+xblacB2LcU=,DMJePJAIrQl9/hSaJBWaF9eqqTA=
3,-9,jvK36XnYHAhgmArS+xblacB2LcU=,BsMhXM141OKHytVDef9ft2fBh/I=
4,-8,jvK36XnYHAhgmArS+xblacB2LcU=,dxFdfHwFAHdI5R4+mOLVayKs/nM=
2,-6,jvK36XnYHAhgmArS+xblacB2LcU=,DMJePJAIrQl9/hSaJBWaF9eqqTA=
0,-8,jvK36XnYHAhgmArS+xblacB2LcU=,DMJePJAIrQl9/hSaJBWaF9eqqTA=
1,-8,jvK36XnYHAhgmArS+xblacB2LcU=,DMJePJAIrQl9/hSaJBWaF9eqqTA=
2,-8,jvK36XnYHAhgmArS+xblacB2LcU=,DMJePJAIrQl9/hSaJBWaF9eqqTA=
3,-8,jvK36XnYHAhgmArS+xblacB2LcU=,DMJePJAIrQl9/hSaJBWaF9eqqTA=
7,-15,jvK36XnYHAhgmArS+xblacB2LcU=,H3qlRSpOUEKFiioZe4NiG/hFzdk=
7,-14,jvK36XnYHAhgmArS+xblacB2LcU=,H3qlRSpOUEKFiioZe4NiG/hFzdk=
7,-12,jvK36XnYHAhgmArS+xblacB2LcU=,hFsyjDF20Ez7RwdBuE6MoaOxaD0=
7,-10,jvK36XnYHAhgmArS+xblacB2LcU=,hFsyjDF20Ez7RwdBuE6MoaOxaD0=
7,-13,jvK36XnYHAhgmArS+xblacB2LcU=,H3qlRSpOUEKFiioZe4NiG/hFzdk=
7,-11,jvK36XnYHAhgmArS+xblacB2LcU=,hFsyjDF20Ez7RwdBuE6MoaOxaD0=
7,-9,jvK36XnYHAhgmArS+xblacB2LcU=,hFsyjDF20Ez7RwdBuE6MoaOxaD0=
7,-7,jvK36XnYHAhgmArS+xblacB2LcU=,dxFdfHwFAHdI5R4+mOLVayKs/nM=
7,-5,jvK36XnYHAhgmArS+xblacB2LcU=,dxFdfHwFAHdI5R4+mOLVayKs/nM=
7,-4,jvK36XnYHAhgmArS+xblacB2LcU=,HCIKduChCdokKdQywIDnxsA4a50=
7,-6,jvK36XnYHAhgmArS+xblacB2LcU=,dxFdfHwFAHdI5R4+mOLVayKs/nM=
7,-8,jvK36XnYHAhgmArS+xblacB2LcU=,dxFdfHwFAHdI5R4+mOLVayKs/nM=
12,-4,jvK36XnYHAhgmArS+xblacB2LcU=,atrbO9z1ckyeT+y6GmYIYpJaitU=
13,-4,jvK36XnYHAhgmArS+xblacB2LcU=,atrbO9z1ckyeT+y6GmYIYpJaitU=
14,-4,jvK36XnYHAhgmArS+xblacB2LcU=,atrbO9z1ckyeT+y6GmYIYpJaitU=
5,-1,jvK36XnYHAhgmArS+xblacB2LcU=,HCIKduChCdokKdQywIDnxsA4a50=
6,-1,jvK36XnYHAhgmArS+xblacB2LcU=,HCIKduChCdokKdQywIDnxsA4a50=
7,-1,jvK36XnYHAhgmArS+xblacB2LcU=,HCIKduChCdokKdQywIDnxsA4a50=
6,-16,jvK36XnYHAhgmArS+xblacB2LcU=,H3qlRSpOUEKFiioZe4NiG/hFzdk=
7,-16,jvK36XnYHAhgmArS+xblacB2LcU=,H3qlRSpOUEKFiioZe4NiG/hFzdk=
4,-16,jvK36XnYHAhgmArS+xblacB2LcU=,H3qlRSpOUEKFiioZe4NiG/hFzdk=
12,-1,jvK36XnYHAhgmArS+xblacB2LcU=,atrbO9z1ckyeT+y6GmYIYpJaitU=
13,-1,jvK36XnYHAhgmArS+xblacB2LcU=,atrbO9z1ckyeT+y6GmYIYpJaitU=
14,-1,jvK36XnYHAhgmArS+xblacB2LcU=,atrbO9z1ckyeT+y6GmYIYpJaitU=
15,-1,jvK36XnYHAhgmArS+xblacB2LcU=,atrbO9z1ckyeT+y6GmYIYpJaitU=
15,-4,jvK36XnYHAhgmArS+xblacB2LcU=,atrbO9z1ckyeT+y6GmYIYpJaitU=
0,-12,jvK36XnYHAhgmArS+xblacB2LcU=,BsMhXM141OKHytVDef9ft2fBh/I=
0,-15,jvK36XnYHAhgmArS+xblacB2LcU=,+Wx7ofyv7qi2V6BpxYrUbaLNOmk=
3,-16,jvK36XnYHAhgmArS+xblacB2LcU=,+Wx7ofyv7qi2V6BpxYrUbaLNOmk=
5,-16,jvK36XnYHAhgmArS+xblacB2LcU=,H3qlRSpOUEKFiioZe4NiG/hFzdk=
0,-13,jvK36XnYHAhgmArS+xblacB2LcU=,+Wx7ofyv7qi2V6BpxYrUbaLNOmk=
0,-14,jvK36XnYHAhgmArS+xblacB2LcU=,+Wx7ofyv7qi2V6BpxYrUbaLNOmk=
0,-16,jvK36XnYHAhgmArS+xblacB2LcU=,+Wx7ofyv7qi2V6BpxYrUbaLNOmk=
3,-5,jvK36XnYHAhgmArS+xblacB2LcU=,DMJePJAIrQl9/hSaJBWaF9eqqTA=
2,-5,jvK36XnYHAhgmArS+xblacB2LcU=,DMJePJAIrQl9/hSaJBWaF9eqqTA=
3,-2,jvK36XnYHAhgmArS+xblacB2LcU=,T7+0RaeiSmyKzdV9Ef5+d0dnY88=
2,-2,jvK36XnYHAhgmArS+xblacB2LcU=,T7+0RaeiSmyKzdV9Ef5+d0dnY88=
1,-2,FNg6JrQjB3MbfA0aJ48n3VP0kFU=,T7+0RaeiSmyKzdV9Ef5+d0dnY88=
0,-1,FNg6JrQjB3MbfA0aJ48n3VP0kFU=,T7+0RaeiSmyKzdV9Ef5+d0dnY88=
4,-3,FNg6JrQjB3MbfA0aJ48n3VP0kFU=,HCIKduChCdokKdQywIDnxsA4a50=
4,-5,FNg6JrQjB3MbfA0aJ48n3VP0kFU=,dxFdfHwFAHdI5R4+mOLVayKs/nM=
1,-1,FNg6JrQjB3MbfA0aJ48n3VP0kFU=,T7+0RaeiSmyKzdV9Ef5+d0dnY88=
0,-2,FNg6JrQjB3MbfA0aJ48n3VP0kFU=,T7+0RaeiSmyKzdV9Ef5+d0dnY88=
3,-3,FNg6JrQjB3MbfA0aJ48n3VP0kFU=,T7+0RaeiSmyKzdV9Ef5+d0dnY88=
2,-1,FNg6JrQjB3MbfA0aJ48n3VP0kFU=,T7+0RaeiSmyKzdV9Ef5+d0dnY88=
2,-3,FNg6JrQjB3MbfA0aJ48n3VP0kFU=,T7+0RaeiSmyKzdV9Ef5+d0dnY88=
0,-5,FNg6JrQjB3MbfA0aJ48n3VP0kFU=,DMJePJAIrQl9/hSaJBWaF9eqqTA=
4,-2,FNg6JrQjB3MbfA0aJ48n3VP0kFU=,HCIKduChCdokKdQywIDnxsA4a50=
4,-1,FNg6JrQjB3MbfA0aJ48n3VP0kFU=,HCIKduChCdokKdQywIDnxsA4a50=
4,-4,FNg6JrQjB3MbfA0aJ48n3VP0kFU=,HCIKduChCdokKdQywIDnxsA4a50=
1,-3,FNg6JrQjB3MbfA0aJ48n3VP0kFU=,T7+0RaeiSmyKzdV9Ef5+d0dnY88=
1,-5,FNg6JrQjB3MbfA0aJ48n3VP0kFU=,DMJePJAIrQl9/hSaJBWaF9eqqTA=
0,-3,FNg6JrQjB3MbfA0aJ48n3VP0kFU=,T7+0RaeiSmyKzdV9Ef5+d0dnY88=
3,-1,FNg6JrQjB3MbfA0aJ48n3VP0kFU=,T7+0RaeiSmyKzdV9Ef5+d0dnY88=
0,-4,FNg6JrQjB3MbfA0aJ48n3VP0kFU=,T7+0RaeiSmyKzdV9Ef5+d0dnY88=
2,-4,FNg6JrQjB3MbfA0aJ48n3VP0kFU=,T7+0RaeiSmyKzdV9Ef5+d0dnY88=
3,-4,FNg6JrQjB3MbfA0aJ48n3VP0kFU=,T7+0RaeiSmyKzdV9Ef5+d0dnY88=
1,-4,FNg6JrQjB3MbfA0aJ48n3VP0kFU=,T7+0RaeiSmyKzdV9Ef5+d0dnY88=
16,-4,qxQT6kw6BNI13LxTBbsnh+HrFsE=,BhMZuRXvjc/SWhknjw1ROLxgsk0=
19,-2,qxQT6kw6BNI13LxTBbsnh+HrFsE=,BhMZuRXvjc/SWhknjw1ROLxgsk0=
19,-4,qxQT6kw6BNI13LxTBbsnh+HrFsE=,BhMZuRXvjc/SWhknjw1ROLxgsk0=
17,-2,qxQT6kw6BNI13LxTBbsnh+HrFsE=,BhMZuRXvjc/SWhknjw1ROLxgsk0=
16,-2,qxQT6kw6BNI13LxTBbsnh+HrFsE=,BhMZuRXvjc/SWhknjw1ROLxgsk0=
19,-1,qxQT6kw6BNI13LxTBbsnh+HrFsE=,BhMZuRXvjc/SWhknjw1ROLxgsk0=
18,-2,qxQT6kw6BNI13LxTBbsnh+HrFsE=,BhMZuRXvjc/SWhknjw1ROLxgsk0=
18,-4,qxQT6kw6BNI13LxTBbsnh+HrFsE=,BhMZuRXvjc/SWhknjw1ROLxgsk0=
19,-3,qxQT6kw6BNI13LxTBbsnh+HrFsE=,BhMZuRXvjc/SWhknjw1ROLxgsk0=
18,-1,qxQT6kw6BNI13LxTBbsnh+HrFsE=,BhMZuRXvjc/SWhknjw1ROLxgsk0=
17,-4,qxQT6kw6BNI13LxTBbsnh+HrFsE=,BhMZuRXvjc/SWhknjw1ROLxgsk0=
17,-3,qxQT6kw6BNI13LxTBbsnh+HrFsE=,BhMZuRXvjc/SWhknjw1ROLxgsk0=
16,-3,qxQT6kw6BNI13LxTBbsnh+HrFsE=,BhMZuRXvjc/SWhknjw1ROLxgsk0=
17,-1,qxQT6kw6BNI13LxTBbsnh+HrFsE=,BhMZuRXvjc/SWhknjw1ROLxgsk0=
18,-3,qxQT6kw6BNI13LxTBbsnh+HrFsE=,BhMZuRXvjc/SWhknjw1ROLxgsk0=
16,-1,qxQT6kw6BNI13LxTBbsnh+HrFsE=,BhMZuRXvjc/SWhknjw1ROLxgsk0=
