3904,13,JB/fUaWXDh/Exk2aGn+5ALfmz44=,ui6LQZhOYRVN0d3ziUMqRYAk9yU=
3904,14,ZEmBoWx25MrxcsnejpRinKwNQD0=,o6ziaLvqiwpZa0zN4mM8TXljLAo=
3904,12,ZEmBoWx25MrxcsnejpRinKwNQD0=,ui6LQZhOYRVN0d3ziUMqRYAk9yU=
3904,15,ZEmBoWx25MrxcsnejpRinKwNQD0=,o6ziaLvqiwpZa0zN4mM8TXljLAo=
3907,6,ZEmBoWx25MrxcsnejpRinKwNQD0=,lgzfqG3/en0c0lhN35ver7nFExA=
3906,6,ZEmBoWx25MrxcsnejpRinKwNQD0=,lgzfqG3/en0c0lhN35ver7nFExA=
3904,9,ZEmBoWx25MrxcsnejpRinKwNQD0=,BbHipK9mUTm0m7AH2UVWdq9C45E=
3904,8,ZEmBoWx25MrxcsnejpRinKwNQD0=,BbHipK9mUTm0m7AH2UVWdq9C45E=
3907,8,ZEmBoWx25MrxcsnejpRinKwNQD0=,THLTlCvCxg3YuW32s+yiUAYrnY8=
3907,10,ZEmBoWx25MrxcsnejpRinKwNQD0=,yDBey79fQiHnnW/uWVU5Ao0FT9E=
3907,9,ZEmBoWx25MrxcsnejpRinKwNQD0=,THLTlCvCxg3YuW32s+yiUAYrnY8=
3905,9,ZEmBoWx25MrxcsnejpRinKwNQD0=,BbHipK9mUTm0m7AH2UVWdq9C45E=
3906,7,ZEmBoWx25MrxcsnejpRinKwNQD0=,lgzfqG3/en0c0lhN35ver7nFExA=
3907,7,ZEmBoWx25MrxcsnejpRinKwNQD0=,lgzfqG3/en0c0lhN35ver7nFExA=
3906,15,ZEmBoWx25MrxcsnejpRinKwNQD0=,FMT9SKAb/G1YOSXwothINVrhxHU=
3907,15,ZEmBoWx25MrxcsnejpRinKwNQD0=,FMT9SKAb/G1YOSXwothINVrhxHU=
3905,15,ZEmBoWx25MrxcsnejpRinKwNQD0=,o6ziaLvqiwpZa0zN4mM8TXljLAo=
3907,14,ZEmBoWx25MrxcsnejpRinKwNQD0=,FMT9SKAb/G1YOSXwothINVrhxHU=
3905,8,ZEmBoWx25MrxcsnejpRinKwNQD0=,BbHipK9mUTm0m7AH2UVWdq9C45E=
3906,11,ZEmBoWx25MrxcsnejpRinKwNQD0=,yDBey79fQiHnnW/uWVU5Ao0FT9E=
3906,9,ZEmBoWx25MrxcsnejpRinKwNQD0=,THLTlCvCxg3YuW32s+yiUAYrnY8=
3906,8,ZEmBoWx25MrxcsnejpRinKwNQD0=,THLTlCvCxg3YuW32s+yiUAYrnY8=
3906,13,ZEmBoWx25MrxcsnejpRinKwNQD0=,HvTKUyTB7PjhKFOFAcU2hlnTxDQ=
3906,10,ZEmBoWx25MrxcsnejpRinKwNQD0=,yDBey79fQiHnnW/uWVU5Ao0FT9E=
3907,13,ZEmBoWx25MrxcsnejpRinKwNQD0=,HvTKUyTB7PjhKFOFAcU2hlnTxDQ=
3907,12,ZEmBoWx25MrxcsnejpRinKwNQD0=,HvTKUyTB7PjhKFOFAcU2hlnTxDQ=
3907,11,ZEmBoWx25MrxcsnejpRinKwNQD0=,yDBey79fQiHnnW/uWVU5Ao0FT9E=
3905,12,ZEmBoWx25MrxcsnejpRinKwNQD0=,ui6LQZhOYRVN0d3ziUMqRYAk9yU=
3905,13,ZEmBoWx25MrxcsnejpRinKwNQD0=,ui6LQZhOYRVN0d3ziUMqRYAk9yU=
3905,14,ZEmBoWx25MrxcsnejpRinKwNQD0=,o6ziaLvqiwpZa0zN4mM8TXljLAo=
3906,14,ZEmBoWx25MrxcsnejpRinKwNQD0=,FMT9SKAb/G1YOSXwothINVrhxHU=
3906,12,ZEmBoWx25MrxcsnejpRinKwNQD0=,HvTKUyTB7PjhKFOFAcU2hlnTxDQ=
