-12,29,V77ulbZ8Z9mrFkfVYloJpNZaw4Y=,HUbmK9PlTrrTPHjObMY9wgch1lQ=
-11,29,V77ulbZ8Z9mrFkfVYloJpNZaw4Y=,HUbmK9PlTrrTPHjObMY9wgch1lQ=
-10,29,V77ulbZ8Z9mrFkfVYloJpNZaw4Y=,HUbmK9PlTrrTPHjObMY9wgch1lQ=
-15,30,V77ulbZ8Z9mrFkfVYloJpNZaw4Y=,HUbmK9PlTrrTPHjObMY9wgch1lQ=
-15,25,V77ulbZ8Z9mrFkfVYloJpNZaw4Y=,HUbmK9PlTrrTPHjObMY9wgch1lQ=
-14,25,V77ulbZ8Z9mrFkfVYloJpNZaw4Y=,HUbmK9PlTrrTPHjObMY9wgch1lQ=
-13,25,V77ulbZ8Z9mrFkfVYloJpNZaw4Y=,HUbmK9PlTrrTPHjObMY9wgch1lQ=
-12,25,V77ulbZ8Z9mrFkfVYloJpNZaw4Y=,HUbmK9PlTrrTPHjObMY9wgch1lQ=
-14,30,V77ulbZ8Z9mrFkfVYloJpNZaw4Y=,HUbmK9PlTrrTPHjObMY9wgch1lQ=
-11,25,swiunVwEvbk4M/hu8nsm/I2ayvU=,HUbmK9PlTrrTPHjObMY9wgch1lQ=
-10,25,swiunVwEvbk4M/hu8nsm/I2ayvU=,HUbmK9PlTrrTPHjObMY9wgch1lQ=
-15,26,swiunVwEvbk4M/hu8nsm/I2ayvU=,HUbmK9PlTrrTPHjObMY9wgch1lQ=
-13,29,swiunVwEvbk4M/hu8nsm/I2ayvU=,HUbmK9PlTrrTPHjObMY9wgch1lQ=
-14,29,swiunVwEvbk4M/hu8nsm/I2ayvU=,HUbmK9PlTrrTPHjObMY9wgch1lQ=
-15,29,swiunVwEvbk4M/hu8nsm/I2ayvU=,HUbmK9PlTrrTPHjObMY9wgch1lQ=
-10,28,swiunVwEvbk4M/hu8nsm/I2ayvU=,HUbmK9PlTrrTPHjObMY9wgch1lQ=
-11,28,swiunVwEvbk4M/hu8nsm/I2ayvU=,HUbmK9PlTrrTPHjObMY9wgch1lQ=
-14,26,swiunVwEvbk4M/hu8nsm/I2ayvU=,HUbmK9PlTrrTPHjObMY9wgch1lQ=
-13,26,swiunVwEvbk4M/hu8nsm/I2ayvU=,HUbmK9PlTrrTPHjObMY9wgch1lQ=
-12,26,swiunVwEvbk4M/hu8nsm/I2ayvU=,HUbmK9PlTrrTPHjObMY9wgch1lQ=
-11,26,swiunVwEvbk4M/hu8nsm/I2ayvU=,HUbmK9PlTrrTPHjObMY9wgch1lQ=
-10,26,swiunVwEvbk4M/hu8nsm/I2ayvU=,HUbmK9PlTrrTPHjObMY9wgch1lQ=
-15,27,swiunVwEvbk4M/hu8nsm/I2ayvU=,HUbmK9PlTrrTPHjObMY9wgch1lQ=
-13,30,swiunVwEvbk4M/hu8nsm/I2ayvU=,HUbmK9PlTrrTPHjObMY9wgch1lQ=
-12,30,swiunVwEvbk4M/hu8nsm/I2ayvU=,HUbmK9PlTrrTPHjObMY9wgch1lQ=
-11,30,swiunVwEvbk4M/hu8nsm/I2ayvU=,HUbmK9PlTrrTPHjObMY9wgch1lQ=
-10,30,swiunVwEvbk4M/hu8nsm/I2ayvU=,HUbmK9PlTrrTPHjObMY9wgch1lQ=
-14,27,swiunVwEvbk4M/hu8nsm/I2ayvU=,HUbmK9PlTrrTPHjObMY9wgch1lQ=
-13,27,swiunVwEvbk4M/hu8nsm/I2ayvU=,HUbmK9PlTrrTPHjObMY9wgch1lQ=
-12,27,swiunVwEvbk4M/hu8nsm/I2ayvU=,HUbmK9PlTrrTPHjObMY9wgch1lQ=
-11,27,swiunVwEvbk4M/hu8nsm/I2ayvU=,HUbmK9PlTrrTPHjObMY9wgch1lQ=
-10,27,swiunVwEvbk4M/hu8nsm/I2ayvU=,HUbmK9PlTrrTPHjObMY9wgch1lQ=
-15,28,swiunVwEvbk4M/hu8nsm/I2ayvU=,HUbmK9PlTrrTPHjObMY9wgch1lQ=
-14,28,swiunVwEvbk4M/hu8nsm/I2ayvU=,HUbmK9PlTrrTPHjObMY9wgch1lQ=
-13,28,swiunVwEvbk4M/hu8nsm/I2ayvU=,HUbmK9PlTrrTPHjObMY9wgch1lQ=
-12,28,swiunVwEvbk4M/hu8nsm/I2ayvU=,HUbmK9PlTrrTPHjObMY9wgch1lQ=
-13,17,xLrFkspy3CU85zStkdh2ziF9NTM=,yWR4OgjXIlAGuh/Z9IhKsFOibOM=
-11,21,xLrFkspy3CU85zStkdh2ziF9NTM=,yWR4OgjXIlAGuh/Z9IhKsFOibOM=
-10,21,xLrFkspy3CU85zStkdh2ziF9NTM=,yWR4OgjXIlAGuh/Z9IhKsFOibOM=
-15,22,xLrFkspy3CU85zStkdh2ziF9NTM=,yWR4OgjXIlAGuh/Z9IhKsFOibOM=
-12,23,xLrFkspy3CU85zStkdh2ziF9NTM=,yWR4OgjXIlAGuh/Z9IhKsFOibOM=
-11,23,xLrFkspy3CU85zStkdh2ziF9NTM=,yWR4OgjXIlAGuh/Z9IhKsFOibOM=
-10,23,xLrFkspy3CU85zStkdh2ziF9NTM=,yWR4OgjXIlAGuh/Z9IhKsFOibOM=
-15,24,xLrFkspy3CU85zStkdh2ziF9NTM=,HUbmK9PlTrrTPHjObMY9wgch1lQ=
-15,18,xLrFkspy3CU85zStkdh2ziF9NTM=,yWR4OgjXIlAGuh/Z9IhKsFOibOM=
-14,22,xLrFkspy3CU85zStkdh2ziF9NTM=,yWR4OgjXIlAGuh/Z9IhKsFOibOM=
-14,24,xLrFkspy3CU85zStkdh2ziF9NTM=,HUbmK9PlTrrTPHjObMY9wgch1lQ=
-13,24,xLrFkspy3CU85zStkdh2ziF9NTM=,HUbmK9PlTrrTPHjObMY9wgch1lQ=
-12,24,xLrFkspy3CU85zStkdh2ziF9NTM=,HUbmK9PlTrrTPHjObMY9wgch1lQ=
-11,24,xLrFkspy3CU85zStkdh2ziF9NTM=,HUbmK9PlTrrTPHjObMY9wgch1lQ=
-10,24,xLrFkspy3CU85zStkdh2ziF9NTM=,HUbmK9PlTrrTPHjObMY9wgch1lQ=
-14,18,xLrFkspy3CU85zStkdh2ziF9NTM=,yWR4OgjXIlAGuh/Z9IhKsFOibOM=
-13,22,xLrFkspy3CU85zStkdh2ziF9NTM=,yWR4OgjXIlAGuh/Z9IhKsFOibOM=
-12,17,xLrFkspy3CU85zStkdh2ziF9NTM=,yWR4OgjXIlAGuh/Z9IhKsFOibOM=
-11,17,xLrFkspy3CU85zStkdh2ziF9NTM=,yWR4OgjXIlAGuh/Z9IhKsFOibOM=
-15,16,xLrFkspy3CU85zStkdh2ziF9NTM=,yWR4OgjXIlAGuh/Z9IhKsFOibOM=
-14,16,xLrFkspy3CU85zStkdh2ziF9NTM=,yWR4OgjXIlAGuh/Z9IhKsFOibOM=
-13,16,xLrFkspy3CU85zStkdh2ziF9NTM=,yWR4OgjXIlAGuh/Z9IhKsFOibOM=
-15,19,xLrFkspy3CU85zStkdh2ziF9NTM=,yWR4OgjXIlAGuh/Z9IhKsFOibOM=
-12,16,xLrFkspy3CU85zStkdh2ziF9NTM=,yWR4OgjXIlAGuh/Z9IhKsFOibOM=
-15,20,xLrFkspy3CU85zStkdh2ziF9NTM=,yWR4OgjXIlAGuh/Z9IhKsFOibOM=
-13,18,xLrFkspy3CU85zStkdh2ziF9NTM=,yWR4OgjXIlAGuh/Z9IhKsFOibOM=
-12,22,xLrFkspy3CU85zStkdh2ziF9NTM=,yWR4OgjXIlAGuh/Z9IhKsFOibOM=
-14,20,xLrFkspy3CU85zStkdh2ziF9NTM=,yWR4OgjXIlAGuh/Z9IhKsFOibOM=
-13,20,xLrFkspy3CU85zStkdh2ziF9NTM=,yWR4OgjXIlAGuh/Z9IhKsFOibOM=
-12,20,xLrFkspy3CU85zStkdh2ziF9NTM=,yWR4OgjXIlAGuh/Z9IhKsFOibOM=
-11,20,xLrFkspy3CU85zStkdh2ziF9NTM=,yWR4OgjXIlAGuh/Z9IhKsFOibOM=
-15,17,xLrFkspy3CU85zStkdh2ziF9NTM=,yWR4OgjXIlAGuh/Z9IhKsFOibOM=
-12,18,xLrFkspy3CU85zStkdh2ziF9NTM=,yWR4OgjXIlAGuh/Z9IhKsFOibOM=
-11,22,xLrFkspy3CU85zStkdh2ziF9NTM=,yWR4OgjXIlAGuh/Z9IhKsFOibOM=
-11,18,xLrFkspy3CU85zStkdh2ziF9NTM=,yWR4OgjXIlAGuh/Z9IhKsFOibOM=
-10,22,xLrFkspy3CU85zStkdh2ziF9NTM=,yWR4OgjXIlAGuh/Z9IhKsFOibOM=
-14,19,xLrFkspy3CU85zStkdh2ziF9NTM=,yWR4OgjXIlAGuh/Z9IhKsFOibOM=
-13,19,xLrFkspy3CU85zStkdh2ziF9NTM=,yWR4OgjXIlAGuh/Z9IhKsFOibOM=
-12,19,xLrFkspy3CU85zStkdh2ziF9NTM=,yWR4OgjXIlAGuh/Z9IhKsFOibOM=
-10,18,xLrFkspy3CU85zStkdh2ziF9NTM=,yWR4OgjXIlAGuh/Z9IhKsFOibOM=
-15,23,xLrFkspy3CU85zStkdh2ziF9NTM=,yWR4OgjXIlAGuh/Z9IhKsFOibOM=
-11,16,xLrFkspy3CU85zStkdh2ziF9NTM=,yWR4OgjXIlAGuh/Z9IhKsFOibOM=
-11,19,xLrFkspy3CU85zStkdh2ziF9NTM=,yWR4OgjXIlAGuh/Z9IhKsFOibOM=
-10,16,xLrFkspy3CU85zStkdh2ziF9NTM=,yWR4OgjXIlAGuh/Z9IhKsFOibOM=
-16,22,xLrFkspy3CU85zStkdh2ziF9NTM=,yWR4OgjXIlAGuh/Z9IhKsFOibOM=
-16,17,xLrFkspy3CU85zStkdh2ziF9NTM=,yWR4OgjXIlAGuh/Z9IhKsFOibOM=
-16,20,xLrFkspy3CU85zStkdh2ziF9NTM=,yWR4OgjXIlAGuh/Z9IhKsFOibOM=
-16,21,xLrFkspy3CU85zStkdh2ziF9NTM=,yWR4OgjXIlAGuh/Z9IhKsFOibOM=
-16,19,xLrFkspy3CU85zStkdh2ziF9NTM=,yWR4OgjXIlAGuh/Z9IhKsFOibOM=
-16,18,xLrFkspy3CU85zStkdh2ziF9NTM=,yWR4OgjXIlAGuh/Z9IhKsFOibOM=
-14,23,xLrFkspy3CU85zStkdh2ziF9NTM=,yWR4OgjXIlAGuh/Z9IhKsFOibOM=
-15,21,xLrFkspy3CU85zStkdh2ziF9NTM=,yWR4OgjXIlAGuh/Z9IhKsFOibOM=
-13,23,xLrFkspy3CU85zStkdh2ziF9NTM=,yWR4OgjXIlAGuh/Z9IhKsFOibOM=
-14,17,xLrFkspy3CU85zStkdh2ziF9NTM=,yWR4OgjXIlAGuh/Z9IhKsFOibOM=
-10,17,xLrFkspy3CU85zStkdh2ziF9NTM=,yWR4OgjXIlAGuh/Z9IhKsFOibOM=
-10,19,xLrFkspy3CU85zStkdh2ziF9NTM=,yWR4OgjXIlAGuh/Z9IhKsFOibOM=
-14,21,xLrFkspy3CU85zStkdh2ziF9NTM=,yWR4OgjXIlAGuh/Z9IhKsFOibOM=
-13,21,xLrFkspy3CU85zStkdh2ziF9NTM=,yWR4OgjXIlAGuh/Z9IhKsFOibOM=
-10,20,xLrFkspy3CU85zStkdh2ziF9NTM=,yWR4OgjXIlAGuh/Z9IhKsFOibOM=
-12,21,xLrFkspy3CU85zStkdh2ziF9NTM=,yWR4OgjXIlAGuh/Z9IhKsFOibOM=
-16,24,xLrFkspy3CU85zStkdh2ziF9NTM=,HUbmK9PlTrrTPHjObMY9wgch1lQ=
-16,30,xLrFkspy3CU85zStkdh2ziF9NTM=,HUbmK9PlTrrTPHjObMY9wgch1lQ=
-16,25,xLrFkspy3CU85zStkdh2ziF9NTM=,HUbmK9PlTrrTPHjObMY9wgch1lQ=
-16,26,xLrFkspy3CU85zStkdh2ziF9NTM=,HUbmK9PlTrrTPHjObMY9wgch1lQ=
-16,27,xLrFkspy3CU85zStkdh2ziF9NTM=,HUbmK9PlTrrTPHjObMY9wgch1lQ=
-16,23,xLrFkspy3CU85zStkdh2ziF9NTM=,yWR4OgjXIlAGuh/Z9IhKsFOibOM=
-16,28,xLrFkspy3CU85zStkdh2ziF9NTM=,HUbmK9PlTrrTPHjObMY9wgch1lQ=
-16,29,xLrFkspy3CU85zStkdh2ziF9NTM=,HUbmK9PlTrrTPHjObMY9wgch1lQ=
-15,31,xLrFkspy3CU85zStkdh2ziF9NTM=,HUbmK9PlTrrTPHjObMY9wgch1lQ=
-14,31,xLrFkspy3CU85zStkdh2ziF9NTM=,HUbmK9PlTrrTPHjObMY9wgch1lQ=
-13,31,xLrFkspy3CU85zStkdh2ziF9NTM=,HUbmK9PlTrrTPHjObMY9wgch1lQ=
-12,31,xLrFkspy3CU85zStkdh2ziF9NTM=,HUbmK9PlTrrTPHjObMY9wgch1lQ=
-11,31,xLrFkspy3CU85zStkdh2ziF9NTM=,HUbmK9PlTrrTPHjObMY9wgch1lQ=
-10,31,xLrFkspy3CU85zStkdh2ziF9NTM=,HUbmK9PlTrrTPHjObMY9wgch1lQ=
-16,31,xLrFkspy3CU85zStkdh2ziF9NTM=,HUbmK9PlTrrTPHjObMY9wgch1lQ=
-16,16,xLrFkspy3CU85zStkdh2ziF9NTM=,yWR4OgjXIlAGuh/Z9IhKsFOibOM=
-4,19,xLrFkspy3CU85zStkdh2ziF9NTM=,WHLEZcreMcKnCbkcnBPPMnhK/Y0=
-9,21,xLrFkspy3CU85zStkdh2ziF9NTM=,yWR4OgjXIlAGuh/Z9IhKsFOibOM=
-3,19,xLrFkspy3CU85zStkdh2ziF9NTM=,WHLEZcreMcKnCbkcnBPPMnhK/Y0=
-2,19,xLrFkspy3CU85zStkdh2ziF9NTM=,WHLEZcreMcKnCbkcnBPPMnhK/Y0=
-1,19,xLrFkspy3CU85zStkdh2ziF9NTM=,WHLEZcreMcKnCbkcnBPPMnhK/Y0=
-8,20,xLrFkspy3CU85zStkdh2ziF9NTM=,WHLEZcreMcKnCbkcnBPPMnhK/Y0=
-7,20,xLrFkspy3CU85zStkdh2ziF9NTM=,WHLEZcreMcKnCbkcnBPPMnhK/Y0=
-9,16,xLrFkspy3CU85zStkdh2ziF9NTM=,yWR4OgjXIlAGuh/Z9IhKsFOibOM=
-5,19,xLrFkspy3CU85zStkdh2ziF9NTM=,WHLEZcreMcKnCbkcnBPPMnhK/Y0=
-6,19,xLrFkspy3CU85zStkdh2ziF9NTM=,WHLEZcreMcKnCbkcnBPPMnhK/Y0=
-9,17,xLrFkspy3CU85zStkdh2ziF9NTM=,yWR4OgjXIlAGuh/Z9IhKsFOibOM=
-7,19,xLrFkspy3CU85zStkdh2ziF9NTM=,WHLEZcreMcKnCbkcnBPPMnhK/Y0=
-8,19,xLrFkspy3CU85zStkdh2ziF9NTM=,WHLEZcreMcKnCbkcnBPPMnhK/Y0=
-1,18,xLrFkspy3CU85zStkdh2ziF9NTM=,WHLEZcreMcKnCbkcnBPPMnhK/Y0=
-2,18,xLrFkspy3CU85zStkdh2ziF9NTM=,WHLEZcreMcKnCbkcnBPPMnhK/Y0=
-3,18,xLrFkspy3CU85zStkdh2ziF9NTM=,WHLEZcreMcKnCbkcnBPPMnhK/Y0=
-4,18,xLrFkspy3CU85zStkdh2ziF9NTM=,WHLEZcreMcKnCbkcnBPPMnhK/Y0=
-5,18,xLrFkspy3CU85zStkdh2ziF9NTM=,WHLEZcreMcKnCbkcnBPPMnhK/Y0=
-6,18,xLrFkspy3CU85zStkdh2ziF9NTM=,WHLEZcreMcKnCbkcnBPPMnhK/Y0=
-6,20,xLrFkspy3CU85zStkdh2ziF9NTM=,WHLEZcreMcKnCbkcnBPPMnhK/Y0=
-5,20,xLrFkspy3CU85zStkdh2ziF9NTM=,WHLEZcreMcKnCbkcnBPPMnhK/Y0=
-4,20,xLrFkspy3CU85zStkdh2ziF9NTM=,WHLEZcreMcKnCbkcnBPPMnhK/Y0=
-3,20,xLrFkspy3CU85zStkdh2ziF9NTM=,WHLEZcreMcKnCbkcnBPPMnhK/Y0=
-2,20,xLrFkspy3CU85zStkdh2ziF9NTM=,WHLEZcreMcKnCbkcnBPPMnhK/Y0=
-1,20,xLrFkspy3CU85zStkdh2ziF9NTM=,WHLEZcreMcKnCbkcnBPPMnhK/Y0=
-8,21,xLrFkspy3CU85zStkdh2ziF9NTM=,WHLEZcreMcKnCbkcnBPPMnhK/Y0=
-9,19,xLrFkspy3CU85zStkdh2ziF9NTM=,yWR4OgjXIlAGuh/Z9IhKsFOibOM=
-7,21,xLrFkspy3CU85zStkdh2ziF9NTM=,WHLEZcreMcKnCbkcnBPPMnhK/Y0=
-6,21,xLrFkspy3CU85zStkdh2ziF9NTM=,WHLEZcreMcKnCbkcnBPPMnhK/Y0=
-9,20,xLrFkspy3CU85zStkdh2ziF9NTM=,yWR4OgjXIlAGuh/Z9IhKsFOibOM=
-5,21,xLrFkspy3CU85zStkdh2ziF9NTM=,WHLEZcreMcKnCbkcnBPPMnhK/Y0=
-4,21,xLrFkspy3CU85zStkdh2ziF9NTM=,WHLEZcreMcKnCbkcnBPPMnhK/Y0=
-3,21,xLrFkspy3CU85zStkdh2ziF9NTM=,WHLEZcreMcKnCbkcnBPPMnhK/Y0=
-2,21,xLrFkspy3CU85zStkdh2ziF9NTM=,WHLEZcreMcKnCbkcnBPPMnhK/Y0=
-9,22,xLrFkspy3CU85zStkdh2ziF9NTM=,yWR4OgjXIlAGuh/Z9IhKsFOibOM=
-1,21,xLrFkspy3CU85zStkdh2ziF9NTM=,WHLEZcreMcKnCbkcnBPPMnhK/Y0=
-8,22,xLrFkspy3CU85zStkdh2ziF9NTM=,WHLEZcreMcKnCbkcnBPPMnhK/Y0=
-7,22,xLrFkspy3CU85zStkdh2ziF9NTM=,WHLEZcreMcKnCbkcnBPPMnhK/Y0=
-8,16,xLrFkspy3CU85zStkdh2ziF9NTM=,WHLEZcreMcKnCbkcnBPPMnhK/Y0=
-9,18,xLrFkspy3CU85zStkdh2ziF9NTM=,yWR4OgjXIlAGuh/Z9IhKsFOibOM=
-7,16,xLrFkspy3CU85zStkdh2ziF9NTM=,WHLEZcreMcKnCbkcnBPPMnhK/Y0=
-6,16,xLrFkspy3CU85zStkdh2ziF9NTM=,WHLEZcreMcKnCbkcnBPPMnhK/Y0=
-5,16,xLrFkspy3CU85zStkdh2ziF9NTM=,WHLEZcreMcKnCbkcnBPPMnhK/Y0=
-4,16,xLrFkspy3CU85zStkdh2ziF9NTM=,WHLEZcreMcKnCbkcnBPPMnhK/Y0=
-3,16,xLrFkspy3CU85zStkdh2ziF9NTM=,WHLEZcreMcKnCbkcnBPPMnhK/Y0=
-2,16,xLrFkspy3CU85zStkdh2ziF9NTM=,WHLEZcreMcKnCbkcnBPPMnhK/Y0=
-6,22,xLrFkspy3CU85zStkdh2ziF9NTM=,WHLEZcreMcKnCbkcnBPPMnhK/Y0=
-1,16,xLrFkspy3CU85zStkdh2ziF9NTM=,WHLEZcreMcKnCbkcnBPPMnhK/Y0=
-8,17,xLrFkspy3CU85zStkdh2ziF9NTM=,WHLEZcreMcKnCbkcnBPPMnhK/Y0=
-7,17,xLrFkspy3CU85zStkdh2ziF9NTM=,WHLEZcreMcKnCbkcnBPPMnhK/Y0=
-5,22,xLrFkspy3CU85zStkdh2ziF9NTM=,WHLEZcreMcKnCbkcnBPPMnhK/Y0=
-4,22,xLrFkspy3CU85zStkdh2ziF9NTM=,WHLEZcreMcKnCbkcnBPPMnhK/Y0=
-6,17,xLrFkspy3CU85zStkdh2ziF9NTM=,WHLEZcreMcKnCbkcnBPPMnhK/Y0=
-5,17,xLrFkspy3CU85zStkdh2ziF9NTM=,WHLEZcreMcKnCbkcnBPPMnhK/Y0=
-4,17,xLrFkspy3CU85zStkdh2ziF9NTM=,WHLEZcreMcKnCbkcnBPPMnhK/Y0=
-3,17,xLrFkspy3CU85zStkdh2ziF9NTM=,WHLEZcreMcKnCbkcnBPPMnhK/Y0=
-3,22,xLrFkspy3CU85zStkdh2ziF9NTM=,WHLEZcreMcKnCbkcnBPPMnhK/Y0=
-2,22,xLrFkspy3CU85zStkdh2ziF9NTM=,WHLEZcreMcKnCbkcnBPPMnhK/Y0=
-2,17,xLrFkspy3CU85zStkdh2ziF9NTM=,WHLEZcreMcKnCbkcnBPPMnhK/Y0=
-1,22,xLrFkspy3CU85zStkdh2ziF9NTM=,WHLEZcreMcKnCbkcnBPPMnhK/Y0=
-1,17,xLrFkspy3CU85zStkdh2ziF9NTM=,WHLEZcreMcKnCbkcnBPPMnhK/Y0=
-8,18,xLrFkspy3CU85zStkdh2ziF9NTM=,WHLEZcreMcKnCbkcnBPPMnhK/Y0=
-7,18,xLrFkspy3CU85zStkdh2ziF9NTM=,WHLEZcreMcKnCbkcnBPPMnhK/Y0=
-4,27,xLrFkspy3CU85zStkdh2ziF9NTM=,oWPmgbEOPsQa2rDnTQ0AwMPA9KY=
-3,27,xLrFkspy3CU85zStkdh2ziF9NTM=,oWPmgbEOPsQa2rDnTQ0AwMPA9KY=
-2,27,xLrFkspy3CU85zStkdh2ziF9NTM=,oWPmgbEOPsQa2rDnTQ0AwMPA9KY=
-1,31,xLrFkspy3CU85zStkdh2ziF9NTM=,oWPmgbEOPsQa2rDnTQ0AwMPA9KY=
-1,27,eFceW1Do4tJ6ffUEXsFLEKR8XV0=,oWPmgbEOPsQa2rDnTQ0AwMPA9KY=
-8,28,eFceW1Do4tJ6ffUEXsFLEKR8XV0=,oWPmgbEOPsQa2rDnTQ0AwMPA9KY=
-7,28,eFceW1Do4tJ6ffUEXsFLEKR8XV0=,oWPmgbEOPsQa2rDnTQ0AwMPA9KY=
-9,29,eFceW1Do4tJ6ffUEXsFLEKR8XV0=,HUbmK9PlTrrTPHjObMY9wgch1lQ=
-9,23,eFceW1Do4tJ6ffUEXsFLEKR8XV0=,yWR4OgjXIlAGuh/Z9IhKsFOibOM=
-6,28,eFceW1Do4tJ6ffUEXsFLEKR8XV0=,oWPmgbEOPsQa2rDnTQ0AwMPA9KY=
-5,28,eFceW1Do4tJ6ffUEXsFLEKR8XV0=,oWPmgbEOPsQa2rDnTQ0AwMPA9KY=
-9,24,eFceW1Do4tJ6ffUEXsFLEKR8XV0=,HUbmK9PlTrrTPHjObMY9wgch1lQ=
-4,28,eFceW1Do4tJ6ffUEXsFLEKR8XV0=,oWPmgbEOPsQa2rDnTQ0AwMPA9KY=
-3,28,eFceW1Do4tJ6ffUEXsFLEKR8XV0=,oWPmgbEOPsQa2rDnTQ0AwMPA9KY=
-9,25,eFceW1Do4tJ6ffUEXsFLEKR8XV0=,HUbmK9PlTrrTPHjObMY9wgch1lQ=
-2,28,eFceW1Do4tJ6ffUEXsFLEKR8XV0=,oWPmgbEOPsQa2rDnTQ0AwMPA9KY=
-9,26,eFceW1Do4tJ6ffUEXsFLEKR8XV0=,HUbmK9PlTrrTPHjObMY9wgch1lQ=
-1,28,eFceW1Do4tJ6ffUEXsFLEKR8XV0=,oWPmgbEOPsQa2rDnTQ0AwMPA9KY=
-8,29,eFceW1Do4tJ6ffUEXsFLEKR8XV0=,oWPmgbEOPsQa2rDnTQ0AwMPA9KY=
-7,29,eFceW1Do4tJ6ffUEXsFLEKR8XV0=,oWPmgbEOPsQa2rDnTQ0AwMPA9KY=
-6,29,eFceW1Do4tJ6ffUEXsFLEKR8XV0=,oWPmgbEOPsQa2rDnTQ0AwMPA9KY=
-5,29,eFceW1Do4tJ6ffUEXsFLEKR8XV0=,oWPmgbEOPsQa2rDnTQ0AwMPA9KY=
-4,29,eFceW1Do4tJ6ffUEXsFLEKR8XV0=,oWPmgbEOPsQa2rDnTQ0AwMPA9KY=
-9,30,eFceW1Do4tJ6ffUEXsFLEKR8XV0=,HUbmK9PlTrrTPHjObMY9wgch1lQ=
-3,29,eFceW1Do4tJ6ffUEXsFLEKR8XV0=,oWPmgbEOPsQa2rDnTQ0AwMPA9KY=
-2,29,eFceW1Do4tJ6ffUEXsFLEKR8XV0=,oWPmgbEOPsQa2rDnTQ0AwMPA9KY=
-9,31,eFceW1Do4tJ6ffUEXsFLEKR8XV0=,HUbmK9PlTrrTPHjObMY9wgch1lQ=
-8,24,eFceW1Do4tJ6ffUEXsFLEKR8XV0=,oWPmgbEOPsQa2rDnTQ0AwMPA9KY=
-7,24,eFceW1Do4tJ6ffUEXsFLEKR8XV0=,oWPmgbEOPsQa2rDnTQ0AwMPA9KY=
-6,24,eFceW1Do4tJ6ffUEXsFLEKR8XV0=,oWPmgbEOPsQa2rDnTQ0AwMPA9KY=
-5,24,eFceW1Do4tJ6ffUEXsFLEKR8XV0=,oWPmgbEOPsQa2rDnTQ0AwMPA9KY=
-4,24,eFceW1Do4tJ6ffUEXsFLEKR8XV0=,oWPmgbEOPsQa2rDnTQ0AwMPA9KY=
-3,24,eFceW1Do4tJ6ffUEXsFLEKR8XV0=,oWPmgbEOPsQa2rDnTQ0AwMPA9KY=
-2,24,eFceW1Do4tJ6ffUEXsFLEKR8XV0=,oWPmgbEOPsQa2rDnTQ0AwMPA9KY=
-1,29,eFceW1Do4tJ6ffUEXsFLEKR8XV0=,oWPmgbEOPsQa2rDnTQ0AwMPA9KY=
-8,30,eFceW1Do4tJ6ffUEXsFLEKR8XV0=,oWPmgbEOPsQa2rDnTQ0AwMPA9KY=
-9,27,eFceW1Do4tJ6ffUEXsFLEKR8XV0=,HUbmK9PlTrrTPHjObMY9wgch1lQ=
-1,24,eFceW1Do4tJ6ffUEXsFLEKR8XV0=,oWPmgbEOPsQa2rDnTQ0AwMPA9KY=
-7,30,eFceW1Do4tJ6ffUEXsFLEKR8XV0=,oWPmgbEOPsQa2rDnTQ0AwMPA9KY=
-6,30,eFceW1Do4tJ6ffUEXsFLEKR8XV0=,oWPmgbEOPsQa2rDnTQ0AwMPA9KY=
-8,25,eFceW1Do4tJ6ffUEXsFLEKR8XV0=,oWPmgbEOPsQa2rDnTQ0AwMPA9KY=
-7,25,eFceW1Do4tJ6ffUEXsFLEKR8XV0=,oWPmgbEOPsQa2rDnTQ0AwMPA9KY=
-6,25,eFceW1Do4tJ6ffUEXsFLEKR8XV0=,oWPmgbEOPsQa2rDnTQ0AwMPA9KY=
-5,25,eFceW1Do4tJ6ffUEXsFLEKR8XV0=,oWPmgbEOPsQa2rDnTQ0AwMPA9KY=
-4,25,eFceW1Do4tJ6ffUEXsFLEKR8XV0=,oWPmgbEOPsQa2rDnTQ0AwMPA9KY=
-3,25,eFceW1Do4tJ6ffUEXsFLEKR8XV0=,oWPmgbEOPsQa2rDnTQ0AwMPA9KY=
-2,25,eFceW1Do4tJ6ffUEXsFLEKR8XV0=,oWPmgbEOPsQa2rDnTQ0AwMPA9KY=
-1,25,eFceW1Do4tJ6ffUEXsFLEKR8XV0=,oWPmgbEOPsQa2rDnTQ0AwMPA9KY=
-9,28,eFceW1Do4tJ6ffUEXsFLEKR8XV0=,HUbmK9PlTrrTPHjObMY9wgch1lQ=
-5,30,eFceW1Do4tJ6ffUEXsFLEKR8XV0=,oWPmgbEOPsQa2rDnTQ0AwMPA9KY=
-4,30,eFceW1Do4tJ6ffUEXsFLEKR8XV0=,oWPmgbEOPsQa2rDnTQ0AwMPA9KY=
-8,26,eFceW1Do4tJ6ffUEXsFLEKR8XV0=,oWPmgbEOPsQa2rDnTQ0AwMPA9KY=
-7,26,eFceW1Do4tJ6ffUEXsFLEKR8XV0=,oWPmgbEOPsQa2rDnTQ0AwMPA9KY=
-3,30,eFceW1Do4tJ6ffUEXsFLEKR8XV0=,oWPmgbEOPsQa2rDnTQ0AwMPA9KY=
-2,30,eFceW1Do4tJ6ffUEXsFLEKR8XV0=,oWPmgbEOPsQa2rDnTQ0AwMPA9KY=
-1,30,eFceW1Do4tJ6ffUEXsFLEKR8XV0=,oWPmgbEOPsQa2rDnTQ0AwMPA9KY=
-6,26,eFceW1Do4tJ6ffUEXsFLEKR8XV0=,oWPmgbEOPsQa2rDnTQ0AwMPA9KY=
-8,31,eFceW1Do4tJ6ffUEXsFLEKR8XV0=,oWPmgbEOPsQa2rDnTQ0AwMPA9KY=
-5,26,eFceW1Do4tJ6ffUEXsFLEKR8XV0=,oWPmgbEOPsQa2rDnTQ0AwMPA9KY=
-4,26,eFceW1Do4tJ6ffUEXsFLEKR8XV0=,oWPmgbEOPsQa2rDnTQ0AwMPA9KY=
-3,26,eFceW1Do4tJ6ffUEXsFLEKR8XV0=,oWPmgbEOPsQa2rDnTQ0AwMPA9KY=
-8,23,eFceW1Do4tJ6ffUEXsFLEKR8XV0=,WHLEZcreMcKnCbkcnBPPMnhK/Y0=
-7,23,eFceW1Do4tJ6ffUEXsFLEKR8XV0=,WHLEZcreMcKnCbkcnBPPMnhK/Y0=
-6,23,eFceW1Do4tJ6ffUEXsFLEKR8XV0=,WHLEZcreMcKnCbkcnBPPMnhK/Y0=
-2,26,eFceW1Do4tJ6ffUEXsFLEKR8XV0=,oWPmgbEOPsQa2rDnTQ0AwMPA9KY=
-1,26,eFceW1Do4tJ6ffUEXsFLEKR8XV0=,oWPmgbEOPsQa2rDnTQ0AwMPA9KY=
-7,31,eFceW1Do4tJ6ffUEXsFLEKR8XV0=,oWPmgbEOPsQa2rDnTQ0AwMPA9KY=
-6,31,eFceW1Do4tJ6ffUEXsFLEKR8XV0=,oWPmgbEOPsQa2rDnTQ0AwMPA9KY=
-8,27,eFceW1Do4tJ6ffUEXsFLEKR8XV0=,oWPmgbEOPsQa2rDnTQ0AwMPA9KY=
-5,31,eFceW1Do4tJ6ffUEXsFLEKR8XV0=,oWPmgbEOPsQa2rDnTQ0AwMPA9KY=
-5,23,eFceW1Do4tJ6ffUEXsFLEKR8XV0=,WHLEZcreMcKnCbkcnBPPMnhK/Y0=
-7,27,eFceW1Do4tJ6ffUEXsFLEKR8XV0=,oWPmgbEOPsQa2rDnTQ0AwMPA9KY=
-4,23,eFceW1Do4tJ6ffUEXsFLEKR8XV0=,WHLEZcreMcKnCbkcnBPPMnhK/Y0=
-3,23,eFceW1Do4tJ6ffUEXsFLEKR8XV0=,WHLEZcreMcKnCbkcnBPPMnhK/Y0=
-6,27,eFceW1Do4tJ6ffUEXsFLEKR8XV0=,oWPmgbEOPsQa2rDnTQ0AwMPA9KY=
-4,31,eFceW1Do4tJ6ffUEXsFLEKR8XV0=,oWPmgbEOPsQa2rDnTQ0AwMPA9KY=
-2,23,eFceW1Do4tJ6ffUEXsFLEKR8XV0=,WHLEZcreMcKnCbkcnBPPMnhK/Y0=
-1,23,eFceW1Do4tJ6ffUEXsFLEKR8XV0=,WHLEZcreMcKnCbkcnBPPMnhK/Y0=
-3,31,eFceW1Do4tJ6ffUEXsFLEKR8XV0=,oWPmgbEOPsQa2rDnTQ0AwMPA9KY=
-2,31,eFceW1Do4tJ6ffUEXsFLEKR8XV0=,oWPmgbEOPsQa2rDnTQ0AwMPA9KY=
-5,27,eFceW1Do4tJ6ffUEXsFLEKR8XV0=,oWPmgbEOPsQa2rDnTQ0AwMPA9KY=
-4,13,7N6iRlOS6F3D+zpM5NyAMTtMIHQ=,9WJoMtAwOFRgdDO21mv+a1SVit4=
-3,13,7N6iRlOS6F3D+zpM5NyAMTtMIHQ=,9WJoMtAwOFRgdDO21mv+a1SVit4=
-2,13,7N6iRlOS6F3D+zpM5NyAMTtMIHQ=,9WJoMtAwOFRgdDO21mv+a1SVit4=
-7,14,7N6iRlOS6F3D+zpM5NyAMTtMIHQ=,9WJoMtAwOFRgdDO21mv+a1SVit4=
-6,14,7N6iRlOS6F3D+zpM5NyAMTtMIHQ=,9WJoMtAwOFRgdDO21mv+a1SVit4=
-5,14,7N6iRlOS6F3D+zpM5NyAMTtMIHQ=,9WJoMtAwOFRgdDO21mv+a1SVit4=
-4,14,7N6iRlOS6F3D+zpM5NyAMTtMIHQ=,9WJoMtAwOFRgdDO21mv+a1SVit4=
-7,9,7N6iRlOS6F3D+zpM5NyAMTtMIHQ=,9WJoMtAwOFRgdDO21mv+a1SVit4=
-6,9,7N6iRlOS6F3D+zpM5NyAMTtMIHQ=,9WJoMtAwOFRgdDO21mv+a1SVit4=
-5,9,7N6iRlOS6F3D+zpM5NyAMTtMIHQ=,9WJoMtAwOFRgdDO21mv+a1SVit4=
-4,9,7N6iRlOS6F3D+zpM5NyAMTtMIHQ=,9WJoMtAwOFRgdDO21mv+a1SVit4=
-3,9,7N6iRlOS6F3D+zpM5NyAMTtMIHQ=,9WJoMtAwOFRgdDO21mv+a1SVit4=
-5,13,7N6iRlOS6F3D+zpM5NyAMTtMIHQ=,9WJoMtAwOFRgdDO21mv+a1SVit4=
-2,9,7N6iRlOS6F3D+zpM5NyAMTtMIHQ=,9WJoMtAwOFRgdDO21mv+a1SVit4=
-6,13,7N6iRlOS6F3D+zpM5NyAMTtMIHQ=,9WJoMtAwOFRgdDO21mv+a1SVit4=
-7,13,7N6iRlOS6F3D+zpM5NyAMTtMIHQ=,9WJoMtAwOFRgdDO21mv+a1SVit4=
-2,12,7N6iRlOS6F3D+zpM5NyAMTtMIHQ=,9WJoMtAwOFRgdDO21mv+a1SVit4=
-3,12,7N6iRlOS6F3D+zpM5NyAMTtMIHQ=,9WJoMtAwOFRgdDO21mv+a1SVit4=
-4,12,7N6iRlOS6F3D+zpM5NyAMTtMIHQ=,9WJoMtAwOFRgdDO21mv+a1SVit4=
-5,12,7N6iRlOS6F3D+zpM5NyAMTtMIHQ=,9WJoMtAwOFRgdDO21mv+a1SVit4=
-3,14,7N6iRlOS6F3D+zpM5NyAMTtMIHQ=,9WJoMtAwOFRgdDO21mv+a1SVit4=
-7,10,7N6iRlOS6F3D+zpM5NyAMTtMIHQ=,9WJoMtAwOFRgdDO21mv+a1SVit4=
-6,10,7N6iRlOS6F3D+zpM5NyAMTtMIHQ=,9WJoMtAwOFRgdDO21mv+a1SVit4=
-2,14,7N6iRlOS6F3D+zpM5NyAMTtMIHQ=,9WJoMtAwOFRgdDO21mv+a1SVit4=
-5,10,+n4qZ5UCzprbubnPn43J30qKLjw=,9WJoMtAwOFRgdDO21mv+a1SVit4=
-4,10,+n4qZ5UCzprbubnPn43J30qKLjw=,9WJoMtAwOFRgdDO21mv+a1SVit4=
-3,10,+n4qZ5UCzprbubnPn43J30qKLjw=,9WJoMtAwOFRgdDO21mv+a1SVit4=
-2,10,+n4qZ5UCzprbubnPn43J30qKLjw=,9WJoMtAwOFRgdDO21mv+a1SVit4=
-7,11,+n4qZ5UCzprbubnPn43J30qKLjw=,9WJoMtAwOFRgdDO21mv+a1SVit4=
-6,12,+n4qZ5UCzprbubnPn43J30qKLjw=,9WJoMtAwOFRgdDO21mv+a1SVit4=
-6,11,+n4qZ5UCzprbubnPn43J30qKLjw=,9WJoMtAwOFRgdDO21mv+a1SVit4=
-5,11,+n4qZ5UCzprbubnPn43J30qKLjw=,9WJoMtAwOFRgdDO21mv+a1SVit4=
-4,11,+n4qZ5UCzprbubnPn43J30qKLjw=,9WJoMtAwOFRgdDO21mv+a1SVit4=
-3,11,+n4qZ5UCzprbubnPn43J30qKLjw=,9WJoMtAwOFRgdDO21mv+a1SVit4=
-2,11,+n4qZ5UCzprbubnPn43J30qKLjw=,9WJoMtAwOFRgdDO21mv+a1SVit4=
-7,12,+n4qZ5UCzprbubnPn43J30qKLjw=,9WJoMtAwOFRgdDO21mv+a1SVit4=
-12,15,+n4qZ5UCzprbubnPn43J30qKLjw=,ztnPc5HnK7Ujq32ATT+56IzDStI=
-11,15,+n4qZ5UCzprbubnPn43J30qKLjw=,ztnPc5HnK7Ujq32ATT+56IzDStI=
-10,15,+n4qZ5UCzprbubnPn43J30qKLjw=,ztnPc5HnK7Ujq32ATT+56IzDStI=
-8,14,+n4qZ5UCzprbubnPn43J30qKLjw=,9WJoMtAwOFRgdDO21mv+a1SVit4=
-16,9,+n4qZ5UCzprbubnPn43J30qKLjw=,ztnPc5HnK7Ujq32ATT+56IzDStI=
-15,9,+n4qZ5UCzprbubnPn43J30qKLjw=,ztnPc5HnK7Ujq32ATT+56IzDStI=
-14,9,+n4qZ5UCzprbubnPn43J30qKLjw=,ztnPc5HnK7Ujq32ATT+56IzDStI=
-13,9,+n4qZ5UCzprbubnPn43J30qKLjw=,ztnPc5HnK7Ujq32ATT+56IzDStI=
-12,9,+n4qZ5UCzprbubnPn43J30qKLjw=,ztnPc5HnK7Ujq32ATT+56IzDStI=
-11,9,+n4qZ5UCzprbubnPn43J30qKLjw=,ztnPc5HnK7Ujq32ATT+56IzDStI=
-10,9,+n4qZ5UCzprbubnPn43J30qKLjw=,ztnPc5HnK7Ujq32ATT+56IzDStI=
-9,9,+n4qZ5UCzprbubnPn43J30qKLjw=,ztnPc5HnK7Ujq32ATT+56IzDStI=
-8,9,+n4qZ5UCzprbubnPn43J30qKLjw=,9WJoMtAwOFRgdDO21mv+a1SVit4=
-16,10,+n4qZ5UCzprbubnPn43J30qKLjw=,ztnPc5HnK7Ujq32ATT+56IzDStI=
-15,10,+n4qZ5UCzprbubnPn43J30qKLjw=,ztnPc5HnK7Ujq32ATT+56IzDStI=
-14,10,+n4qZ5UCzprbubnPn43J30qKLjw=,ztnPc5HnK7Ujq32ATT+56IzDStI=
-8,10,+n4qZ5UCzprbubnPn43J30qKLjw=,9WJoMtAwOFRgdDO21mv+a1SVit4=
-13,10,+n4qZ5UCzprbubnPn43J30qKLjw=,ztnPc5HnK7Ujq32ATT+56IzDStI=
-12,10,+n4qZ5UCzprbubnPn43J30qKLjw=,ztnPc5HnK7Ujq32ATT+56IzDStI=
-11,10,+n4qZ5UCzprbubnPn43J30qKLjw=,ztnPc5HnK7Ujq32ATT+56IzDStI=
-10,10,+n4qZ5UCzprbubnPn43J30qKLjw=,ztnPc5HnK7Ujq32ATT+56IzDStI=
-9,10,+n4qZ5UCzprbubnPn43J30qKLjw=,ztnPc5HnK7Ujq32ATT+56IzDStI=
-16,11,+n4qZ5UCzprbubnPn43J30qKLjw=,ztnPc5HnK7Ujq32ATT+56IzDStI=
-15,11,+n4qZ5UCzprbubnPn43J30qKLjw=,ztnPc5HnK7Ujq32ATT+56IzDStI=
-14,11,+n4qZ5UCzprbubnPn43J30qKLjw=,ztnPc5HnK7Ujq32ATT+56IzDStI=
-13,11,+n4qZ5UCzprbubnPn43J30qKLjw=,ztnPc5HnK7Ujq32ATT+56IzDStI=
-12,11,+n4qZ5UCzprbubnPn43J30qKLjw=,ztnPc5HnK7Ujq32ATT+56IzDStI=
-8,13,+n4qZ5UCzprbubnPn43J30qKLjw=,9WJoMtAwOFRgdDO21mv+a1SVit4=
-13,15,+n4qZ5UCzprbubnPn43J30qKLjw=,ztnPc5HnK7Ujq32ATT+56IzDStI=
-14,15,+n4qZ5UCzprbubnPn43J30qKLjw=,ztnPc5HnK7Ujq32ATT+56IzDStI=
-15,15,+n4qZ5UCzprbubnPn43J30qKLjw=,ztnPc5HnK7Ujq32ATT+56IzDStI=
-9,14,+n4qZ5UCzprbubnPn43J30qKLjw=,ztnPc5HnK7Ujq32ATT+56IzDStI=
-10,14,+n4qZ5UCzprbubnPn43J30qKLjw=,ztnPc5HnK7Ujq32ATT+56IzDStI=
-11,14,+n4qZ5UCzprbubnPn43J30qKLjw=,ztnPc5HnK7Ujq32ATT+56IzDStI=
-11,11,+n4qZ5UCzprbubnPn43J30qKLjw=,ztnPc5HnK7Ujq32ATT+56IzDStI=
-10,11,+n4qZ5UCzprbubnPn43J30qKLjw=,ztnPc5HnK7Ujq32ATT+56IzDStI=
-1,13,+n4qZ5UCzprbubnPn43J30qKLjw=,9WJoMtAwOFRgdDO21mv+a1SVit4=
-1,9,+n4qZ5UCzprbubnPn43J30qKLjw=,9WJoMtAwOFRgdDO21mv+a1SVit4=
-1,14,+n4qZ5UCzprbubnPn43J30qKLjw=,9WJoMtAwOFRgdDO21mv+a1SVit4=
-1,10,+n4qZ5UCzprbubnPn43J30qKLjw=,9WJoMtAwOFRgdDO21mv+a1SVit4=
-1,11,+n4qZ5UCzprbubnPn43J30qKLjw=,9WJoMtAwOFRgdDO21mv+a1SVit4=
-1,12,+n4qZ5UCzprbubnPn43J30qKLjw=,9WJoMtAwOFRgdDO21mv+a1SVit4=
-9,11,+n4qZ5UCzprbubnPn43J30qKLjw=,ztnPc5HnK7Ujq32ATT+56IzDStI=
-16,12,+n4qZ5UCzprbubnPn43J30qKLjw=,ztnPc5HnK7Ujq32ATT+56IzDStI=
-15,12,+n4qZ5UCzprbubnPn43J30qKLjw=,ztnPc5HnK7Ujq32ATT+56IzDStI=
-14,12,+n4qZ5UCzprbubnPn43J30qKLjw=,ztnPc5HnK7Ujq32ATT+56IzDStI=
-8,11,+n4qZ5UCzprbubnPn43J30qKLjw=,9WJoMtAwOFRgdDO21mv+a1SVit4=
-13,12,+n4qZ5UCzprbubnPn43J30qKLjw=,ztnPc5HnK7Ujq32ATT+56IzDStI=
-12,12,+n4qZ5UCzprbubnPn43J30qKLjw=,ztnPc5HnK7Ujq32ATT+56IzDStI=
-11,12,+n4qZ5UCzprbubnPn43J30qKLjw=,ztnPc5HnK7Ujq32ATT+56IzDStI=
-10,12,+n4qZ5UCzprbubnPn43J30qKLjw=,ztnPc5HnK7Ujq32ATT+56IzDStI=
-9,12,+n4qZ5UCzprbubnPn43J30qKLjw=,ztnPc5HnK7Ujq32ATT+56IzDStI=
-16,13,+n4qZ5UCzprbubnPn43J30qKLjw=,ztnPc5HnK7Ujq32ATT+56IzDStI=
-16,15,+n4qZ5UCzprbubnPn43J30qKLjw=,ztnPc5HnK7Ujq32ATT+56IzDStI=
-15,13,+n4qZ5UCzprbubnPn43J30qKLjw=,ztnPc5HnK7Ujq32ATT+56IzDStI=
-14,13,+n4qZ5UCzprbubnPn43J30qKLjw=,ztnPc5HnK7Ujq32ATT+56IzDStI=
-13,13,+n4qZ5UCzprbubnPn43J30qKLjw=,ztnPc5HnK7Ujq32ATT+56IzDStI=
-12,13,+n4qZ5UCzprbubnPn43J30qKLjw=,ztnPc5HnK7Ujq32ATT+56IzDStI=
-11,13,+n4qZ5UCzprbubnPn43J30qKLjw=,ztnPc5HnK7Ujq32ATT+56IzDStI=
-10,13,+n4qZ5UCzprbubnPn43J30qKLjw=,ztnPc5HnK7Ujq32ATT+56IzDStI=
-9,13,+n4qZ5UCzprbubnPn43J30qKLjw=,ztnPc5HnK7Ujq32ATT+56IzDStI=
-16,14,+n4qZ5UCzprbubnPn43J30qKLjw=,ztnPc5HnK7Ujq32ATT+56IzDStI=
-15,14,+n4qZ5UCzprbubnPn43J30qKLjw=,ztnPc5HnK7Ujq32ATT+56IzDStI=
-14,14,+n4qZ5UCzprbubnPn43J30qKLjw=,ztnPc5HnK7Ujq32ATT+56IzDStI=
-8,12,+n4qZ5UCzprbubnPn43J30qKLjw=,9WJoMtAwOFRgdDO21mv+a1SVit4=
-13,14,+n4qZ5UCzprbubnPn43J30qKLjw=,ztnPc5HnK7Ujq32ATT+56IzDStI=
-12,14,+n4qZ5UCzprbubnPn43J30qKLjw=,ztnPc5HnK7Ujq32ATT+56IzDStI=
-4,3,+n4qZ5UCzprbubnPn43J30qKLjw=,NbHLUqgeihRvp6pmT5OdSzeHxuU=
-3,3,+n4qZ5UCzprbubnPn43J30qKLjw=,NbHLUqgeihRvp6pmT5OdSzeHxuU=
-2,3,+n4qZ5UCzprbubnPn43J30qKLjw=,NbHLUqgeihRvp6pmT5OdSzeHxuU=
-7,8,+n4qZ5UCzprbubnPn43J30qKLjw=,9WJoMtAwOFRgdDO21mv+a1SVit4=
-1,3,+n4qZ5UCzprbubnPn43J30qKLjw=,NbHLUqgeihRvp6pmT5OdSzeHxuU=
-6,8,+n4qZ5UCzprbubnPn43J30qKLjw=,9WJoMtAwOFRgdDO21mv+a1SVit4=
-5,8,+n4qZ5UCzprbubnPn43J30qKLjw=,9WJoMtAwOFRgdDO21mv+a1SVit4=
-7,4,+n4qZ5UCzprbubnPn43J30qKLjw=,NbHLUqgeihRvp6pmT5OdSzeHxuU=
-4,8,+n4qZ5UCzprbubnPn43J30qKLjw=,9WJoMtAwOFRgdDO21mv+a1SVit4=
-3,8,+n4qZ5UCzprbubnPn43J30qKLjw=,9WJoMtAwOFRgdDO21mv+a1SVit4=
-2,8,+n4qZ5UCzprbubnPn43J30qKLjw=,9WJoMtAwOFRgdDO21mv+a1SVit4=
-1,8,+n4qZ5UCzprbubnPn43J30qKLjw=,9WJoMtAwOFRgdDO21mv+a1SVit4=
-6,4,+n4qZ5UCzprbubnPn43J30qKLjw=,NbHLUqgeihRvp6pmT5OdSzeHxuU=
-5,4,+n4qZ5UCzprbubnPn43J30qKLjw=,NbHLUqgeihRvp6pmT5OdSzeHxuU=
-4,4,+n4qZ5UCzprbubnPn43J30qKLjw=,NbHLUqgeihRvp6pmT5OdSzeHxuU=
-3,4,+n4qZ5UCzprbubnPn43J30qKLjw=,NbHLUqgeihRvp6pmT5OdSzeHxuU=
-2,4,+n4qZ5UCzprbubnPn43J30qKLjw=,NbHLUqgeihRvp6pmT5OdSzeHxuU=
-1,4,+n4qZ5UCzprbubnPn43J30qKLjw=,NbHLUqgeihRvp6pmT5OdSzeHxuU=
-7,5,+n4qZ5UCzprbubnPn43J30qKLjw=,NbHLUqgeihRvp6pmT5OdSzeHxuU=
-6,5,+n4qZ5UCzprbubnPn43J30qKLjw=,NbHLUqgeihRvp6pmT5OdSzeHxuU=
-5,5,+n4qZ5UCzprbubnPn43J30qKLjw=,NbHLUqgeihRvp6pmT5OdSzeHxuU=
-4,5,+n4qZ5UCzprbubnPn43J30qKLjw=,NbHLUqgeihRvp6pmT5OdSzeHxuU=
-7,0,+n4qZ5UCzprbubnPn43J30qKLjw=,NbHLUqgeihRvp6pmT5OdSzeHxuU=
-3,5,+n4qZ5UCzprbubnPn43J30qKLjw=,NbHLUqgeihRvp6pmT5OdSzeHxuU=
-2,5,+n4qZ5UCzprbubnPn43J30qKLjw=,NbHLUqgeihRvp6pmT5OdSzeHxuU=
-1,5,+n4qZ5UCzprbubnPn43J30qKLjw=,NbHLUqgeihRvp6pmT5OdSzeHxuU=
-7,6,+n4qZ5UCzprbubnPn43J30qKLjw=,NbHLUqgeihRvp6pmT5OdSzeHxuU=
-6,0,+n4qZ5UCzprbubnPn43J30qKLjw=,NbHLUqgeihRvp6pmT5OdSzeHxuU=
-6,6,+n4qZ5UCzprbubnPn43J30qKLjw=,NbHLUqgeihRvp6pmT5OdSzeHxuU=
-5,0,+n4qZ5UCzprbubnPn43J30qKLjw=,NbHLUqgeihRvp6pmT5OdSzeHxuU=
-5,6,+n4qZ5UCzprbubnPn43J30qKLjw=,NbHLUqgeihRvp6pmT5OdSzeHxuU=
-4,6,+n4qZ5UCzprbubnPn43J30qKLjw=,NbHLUqgeihRvp6pmT5OdSzeHxuU=
-12,7,+n4qZ5UCzprbubnPn43J30qKLjw=,yKsdNnE5kh0/kEyx+Pv4ciz4QvM=
-3,6,+n4qZ5UCzprbubnPn43J30qKLjw=,NbHLUqgeihRvp6pmT5OdSzeHxuU=
-11,7,+n4qZ5UCzprbubnPn43J30qKLjw=,yKsdNnE5kh0/kEyx+Pv4ciz4QvM=
-2,6,+n4qZ5UCzprbubnPn43J30qKLjw=,NbHLUqgeihRvp6pmT5OdSzeHxuU=
-12,2,+n4qZ5UCzprbubnPn43J30qKLjw=,yKsdNnE5kh0/kEyx+Pv4ciz4QvM=
-4,0,+n4qZ5UCzprbubnPn43J30qKLjw=,NbHLUqgeihRvp6pmT5OdSzeHxuU=
-8,8,+n4qZ5UCzprbubnPn43J30qKLjw=,9WJoMtAwOFRgdDO21mv+a1SVit4=
-3,0,+n4qZ5UCzprbubnPn43J30qKLjw=,NbHLUqgeihRvp6pmT5OdSzeHxuU=
-1,6,+n4qZ5UCzprbubnPn43J30qKLjw=,NbHLUqgeihRvp6pmT5OdSzeHxuU=
-16,5,vUP7hxZhMpoA/v2A/H16oATiOd8=,yKsdNnE5kh0/kEyx+Pv4ciz4QvM=
-2,0,vUP7hxZhMpoA/v2A/H16oATiOd8=,NbHLUqgeihRvp6pmT5OdSzeHxuU=
-10,6,vUP7hxZhMpoA/v2A/H16oATiOd8=,yKsdNnE5kh0/kEyx+Pv4ciz4QvM=
-1,0,vUP7hxZhMpoA/v2A/H16oATiOd8=,NbHLUqgeihRvp6pmT5OdSzeHxuU=
-7,7,vUP7hxZhMpoA/v2A/H16oATiOd8=,NbHLUqgeihRvp6pmT5OdSzeHxuU=
-7,1,vUP7hxZhMpoA/v2A/H16oATiOd8=,NbHLUqgeihRvp6pmT5OdSzeHxuU=
-6,1,vUP7hxZhMpoA/v2A/H16oATiOd8=,NbHLUqgeihRvp6pmT5OdSzeHxuU=
-6,7,vUP7hxZhMpoA/v2A/H16oATiOd8=,NbHLUqgeihRvp6pmT5OdSzeHxuU=
-5,1,vUP7hxZhMpoA/v2A/H16oATiOd8=,NbHLUqgeihRvp6pmT5OdSzeHxuU=
-5,7,vUP7hxZhMpoA/v2A/H16oATiOd8=,NbHLUqgeihRvp6pmT5OdSzeHxuU=
-4,1,vUP7hxZhMpoA/v2A/H16oATiOd8=,NbHLUqgeihRvp6pmT5OdSzeHxuU=
-3,1,vUP7hxZhMpoA/v2A/H16oATiOd8=,NbHLUqgeihRvp6pmT5OdSzeHxuU=
-2,1,vUP7hxZhMpoA/v2A/H16oATiOd8=,NbHLUqgeihRvp6pmT5OdSzeHxuU=
-1,1,vUP7hxZhMpoA/v2A/H16oATiOd8=,NbHLUqgeihRvp6pmT5OdSzeHxuU=
-4,7,vUP7hxZhMpoA/v2A/H16oATiOd8=,NbHLUqgeihRvp6pmT5OdSzeHxuU=
-7,2,vUP7hxZhMpoA/v2A/H16oATiOd8=,NbHLUqgeihRvp6pmT5OdSzeHxuU=
-6,2,vUP7hxZhMpoA/v2A/H16oATiOd8=,NbHLUqgeihRvp6pmT5OdSzeHxuU=
-10,7,vUP7hxZhMpoA/v2A/H16oATiOd8=,yKsdNnE5kh0/kEyx+Pv4ciz4QvM=
-9,7,vUP7hxZhMpoA/v2A/H16oATiOd8=,yKsdNnE5kh0/kEyx+Pv4ciz4QvM=
-16,8,vUP7hxZhMpoA/v2A/H16oATiOd8=,ztnPc5HnK7Ujq32ATT+56IzDStI=
-15,8,vUP7hxZhMpoA/v2A/H16oATiOd8=,ztnPc5HnK7Ujq32ATT+56IzDStI=
-5,2,vUP7hxZhMpoA/v2A/H16oATiOd8=,NbHLUqgeihRvp6pmT5OdSzeHxuU=
-4,2,vUP7hxZhMpoA/v2A/H16oATiOd8=,NbHLUqgeihRvp6pmT5OdSzeHxuU=
-3,2,vUP7hxZhMpoA/v2A/H16oATiOd8=,NbHLUqgeihRvp6pmT5OdSzeHxuU=
-2,2,vUP7hxZhMpoA/v2A/H16oATiOd8=,NbHLUqgeihRvp6pmT5OdSzeHxuU=
-3,7,vUP7hxZhMpoA/v2A/H16oATiOd8=,NbHLUqgeihRvp6pmT5OdSzeHxuU=
-1,2,vUP7hxZhMpoA/v2A/H16oATiOd8=,NbHLUqgeihRvp6pmT5OdSzeHxuU=
-7,3,vUP7hxZhMpoA/v2A/H16oATiOd8=,NbHLUqgeihRvp6pmT5OdSzeHxuU=
-2,7,vUP7hxZhMpoA/v2A/H16oATiOd8=,NbHLUqgeihRvp6pmT5OdSzeHxuU=
-6,3,vUP7hxZhMpoA/v2A/H16oATiOd8=,NbHLUqgeihRvp6pmT5OdSzeHxuU=
-5,3,vUP7hxZhMpoA/v2A/H16oATiOd8=,NbHLUqgeihRvp6pmT5OdSzeHxuU=
-1,7,vUP7hxZhMpoA/v2A/H16oATiOd8=,NbHLUqgeihRvp6pmT5OdSzeHxuU=
-16,0,vUP7hxZhMpoA/v2A/H16oATiOd8=,yKsdNnE5kh0/kEyx+Pv4ciz4QvM=
-14,8,vUP7hxZhMpoA/v2A/H16oATiOd8=,ztnPc5HnK7Ujq32ATT+56IzDStI=
-13,8,vUP7hxZhMpoA/v2A/H16oATiOd8=,ztnPc5HnK7Ujq32ATT+56IzDStI=
-12,8,vUP7hxZhMpoA/v2A/H16oATiOd8=,ztnPc5HnK7Ujq32ATT+56IzDStI=
-8,4,vUP7hxZhMpoA/v2A/H16oATiOd8=,NbHLUqgeihRvp6pmT5OdSzeHxuU=
-12,1,vUP7hxZhMpoA/v2A/H16oATiOd8=,yKsdNnE5kh0/kEyx+Pv4ciz4QvM=
-15,5,vUP7hxZhMpoA/v2A/H16oATiOd8=,yKsdNnE5kh0/kEyx+Pv4ciz4QvM=
-11,8,vUP7hxZhMpoA/v2A/H16oATiOd8=,ztnPc5HnK7Ujq32ATT+56IzDStI=
-10,8,vUP7hxZhMpoA/v2A/H16oATiOd8=,ztnPc5HnK7Ujq32ATT+56IzDStI=
-9,8,vUP7hxZhMpoA/v2A/H16oATiOd8=,ztnPc5HnK7Ujq32ATT+56IzDStI=
-11,1,vUP7hxZhMpoA/v2A/H16oATiOd8=,yKsdNnE5kh0/kEyx+Pv4ciz4QvM=
-10,1,vUP7hxZhMpoA/v2A/H16oATiOd8=,yKsdNnE5kh0/kEyx+Pv4ciz4QvM=
-11,2,vUP7hxZhMpoA/v2A/H16oATiOd8=,yKsdNnE5kh0/kEyx+Pv4ciz4QvM=
-14,4,vUP7hxZhMpoA/v2A/H16oATiOd8=,yKsdNnE5kh0/kEyx+Pv4ciz4QvM=
-13,4,vUP7hxZhMpoA/v2A/H16oATiOd8=,yKsdNnE5kh0/kEyx+Pv4ciz4QvM=
-12,4,vUP7hxZhMpoA/v2A/H16oATiOd8=,yKsdNnE5kh0/kEyx+Pv4ciz4QvM=
-11,4,vUP7hxZhMpoA/v2A/H16oATiOd8=,yKsdNnE5kh0/kEyx+Pv4ciz4QvM=
-10,2,vUP7hxZhMpoA/v2A/H16oATiOd8=,yKsdNnE5kh0/kEyx+Pv4ciz4QvM=
-9,1,vUP7hxZhMpoA/v2A/H16oATiOd8=,yKsdNnE5kh0/kEyx+Pv4ciz4QvM=
-16,2,vUP7hxZhMpoA/v2A/H16oATiOd8=,yKsdNnE5kh0/kEyx+Pv4ciz4QvM=
-9,6,vUP7hxZhMpoA/v2A/H16oATiOd8=,yKsdNnE5kh0/kEyx+Pv4ciz4QvM=
-8,5,vUP7hxZhMpoA/v2A/H16oATiOd8=,NbHLUqgeihRvp6pmT5OdSzeHxuU=
-15,0,vUP7hxZhMpoA/v2A/H16oATiOd8=,yKsdNnE5kh0/kEyx+Pv4ciz4QvM=
-12,0,vUP7hxZhMpoA/v2A/H16oATiOd8=,yKsdNnE5kh0/kEyx+Pv4ciz4QvM=
-11,0,vUP7hxZhMpoA/v2A/H16oATiOd8=,yKsdNnE5kh0/kEyx+Pv4ciz4QvM=
-10,0,vUP7hxZhMpoA/v2A/H16oATiOd8=,yKsdNnE5kh0/kEyx+Pv4ciz4QvM=
-9,0,vUP7hxZhMpoA/v2A/H16oATiOd8=,yKsdNnE5kh0/kEyx+Pv4ciz4QvM=
-16,1,vUP7hxZhMpoA/v2A/H16oATiOd8=,yKsdNnE5kh0/kEyx+Pv4ciz4QvM=
-9,2,vUP7hxZhMpoA/v2A/H16oATiOd8=,yKsdNnE5kh0/kEyx+Pv4ciz4QvM=
-15,1,vUP7hxZhMpoA/v2A/H16oATiOd8=,yKsdNnE5kh0/kEyx+Pv4ciz4QvM=
-14,1,vUP7hxZhMpoA/v2A/H16oATiOd8=,yKsdNnE5kh0/kEyx+Pv4ciz4QvM=
-8,0,vUP7hxZhMpoA/v2A/H16oATiOd8=,NbHLUqgeihRvp6pmT5OdSzeHxuU=
-16,7,vUP7hxZhMpoA/v2A/H16oATiOd8=,yKsdNnE5kh0/kEyx+Pv4ciz4QvM=
-14,5,vUP7hxZhMpoA/v2A/H16oATiOd8=,yKsdNnE5kh0/kEyx+Pv4ciz4QvM=
-15,2,vUP7hxZhMpoA/v2A/H16oATiOd8=,yKsdNnE5kh0/kEyx+Pv4ciz4QvM=
-13,5,vUP7hxZhMpoA/v2A/H16oATiOd8=,yKsdNnE5kh0/kEyx+Pv4ciz4QvM=
-14,3,vUP7hxZhMpoA/v2A/H16oATiOd8=,yKsdNnE5kh0/kEyx+Pv4ciz4QvM=
-13,3,vUP7hxZhMpoA/v2A/H16oATiOd8=,yKsdNnE5kh0/kEyx+Pv4ciz4QvM=
-12,3,vUP7hxZhMpoA/v2A/H16oATiOd8=,yKsdNnE5kh0/kEyx+Pv4ciz4QvM=
-14,2,vUP7hxZhMpoA/v2A/H16oATiOd8=,yKsdNnE5kh0/kEyx+Pv4ciz4QvM=
-10,3,vUP7hxZhMpoA/v2A/H16oATiOd8=,yKsdNnE5kh0/kEyx+Pv4ciz4QvM=
-11,3,vUP7hxZhMpoA/v2A/H16oATiOd8=,yKsdNnE5kh0/kEyx+Pv4ciz4QvM=
-9,3,vUP7hxZhMpoA/v2A/H16oATiOd8=,yKsdNnE5kh0/kEyx+Pv4ciz4QvM=
-16,4,vUP7hxZhMpoA/v2A/H16oATiOd8=,yKsdNnE5kh0/kEyx+Pv4ciz4QvM=
-8,6,vUP7hxZhMpoA/v2A/H16oATiOd8=,NbHLUqgeihRvp6pmT5OdSzeHxuU=
-14,0,vUP7hxZhMpoA/v2A/H16oATiOd8=,yKsdNnE5kh0/kEyx+Pv4ciz4QvM=
-10,4,vUP7hxZhMpoA/v2A/H16oATiOd8=,yKsdNnE5kh0/kEyx+Pv4ciz4QvM=
-15,7,vUP7hxZhMpoA/v2A/H16oATiOd8=,yKsdNnE5kh0/kEyx+Pv4ciz4QvM=
-14,7,vUP7hxZhMpoA/v2A/H16oATiOd8=,yKsdNnE5kh0/kEyx+Pv4ciz4QvM=
-8,7,vUP7hxZhMpoA/v2A/H16oATiOd8=,NbHLUqgeihRvp6pmT5OdSzeHxuU=
-9,4,vUP7hxZhMpoA/v2A/H16oATiOd8=,yKsdNnE5kh0/kEyx+Pv4ciz4QvM=
-13,1,vUP7hxZhMpoA/v2A/H16oATiOd8=,yKsdNnE5kh0/kEyx+Pv4ciz4QvM=
-13,2,vUP7hxZhMpoA/v2A/H16oATiOd8=,yKsdNnE5kh0/kEyx+Pv4ciz4QvM=
-8,1,vUP7hxZhMpoA/v2A/H16oATiOd8=,NbHLUqgeihRvp6pmT5OdSzeHxuU=
-12,5,vUP7hxZhMpoA/v2A/H16oATiOd8=,yKsdNnE5kh0/kEyx+Pv4ciz4QvM=
-11,5,vUP7hxZhMpoA/v2A/H16oATiOd8=,yKsdNnE5kh0/kEyx+Pv4ciz4QvM=
-8,2,vUP7hxZhMpoA/v2A/H16oATiOd8=,NbHLUqgeihRvp6pmT5OdSzeHxuU=
-16,3,vUP7hxZhMpoA/v2A/H16oATiOd8=,yKsdNnE5kh0/kEyx+Pv4ciz4QvM=
-13,7,vUP7hxZhMpoA/v2A/H16oATiOd8=,yKsdNnE5kh0/kEyx+Pv4ciz4QvM=
-16,6,vUP7hxZhMpoA/v2A/H16oATiOd8=,yKsdNnE5kh0/kEyx+Pv4ciz4QvM=
-15,6,vUP7hxZhMpoA/v2A/H16oATiOd8=,yKsdNnE5kh0/kEyx+Pv4ciz4QvM=
-10,5,vUP7hxZhMpoA/v2A/H16oATiOd8=,yKsdNnE5kh0/kEyx+Pv4ciz4QvM=
-15,3,vUP7hxZhMpoA/v2A/H16oATiOd8=,yKsdNnE5kh0/kEyx+Pv4ciz4QvM=
-14,6,vUP7hxZhMpoA/v2A/H16oATiOd8=,yKsdNnE5kh0/kEyx+Pv4ciz4QvM=
-8,3,vUP7hxZhMpoA/v2A/H16oATiOd8=,NbHLUqgeihRvp6pmT5OdSzeHxuU=
-15,4,vUP7hxZhMpoA/v2A/H16oATiOd8=,yKsdNnE5kh0/kEyx+Pv4ciz4QvM=
-13,6,vUP7hxZhMpoA/v2A/H16oATiOd8=,yKsdNnE5kh0/kEyx+Pv4ciz4QvM=
-9,5,vUP7hxZhMpoA/v2A/H16oATiOd8=,yKsdNnE5kh0/kEyx+Pv4ciz4QvM=
-12,6,vUP7hxZhMpoA/v2A/H16oATiOd8=,yKsdNnE5kh0/kEyx+Pv4ciz4QvM=
-11,6,vUP7hxZhMpoA/v2A/H16oATiOd8=,yKsdNnE5kh0/kEyx+Pv4ciz4QvM=
-13,0,vUP7hxZhMpoA/v2A/H16oATiOd8=,yKsdNnE5kh0/kEyx+Pv4ciz4QvM=
-9,15,vUP7hxZhMpoA/v2A/H16oATiOd8=,ztnPc5HnK7Ujq32ATT+56IzDStI=
-8,15,vUP7hxZhMpoA/v2A/H16oATiOd8=,9WJoMtAwOFRgdDO21mv+a1SVit4=
-7,15,vUP7hxZhMpoA/v2A/H16oATiOd8=,9WJoMtAwOFRgdDO21mv+a1SVit4=
-6,15,vUP7hxZhMpoA/v2A/H16oATiOd8=,9WJoMtAwOFRgdDO21mv+a1SVit4=
-5,15,vUP7hxZhMpoA/v2A/H16oATiOd8=,9WJoMtAwOFRgdDO21mv+a1SVit4=
-4,15,vUP7hxZhMpoA/v2A/H16oATiOd8=,9WJoMtAwOFRgdDO21mv+a1SVit4=
-1,15,vUP7hxZhMpoA/v2A/H16oATiOd8=,9WJoMtAwOFRgdDO21mv+a1SVit4=
-2,15,vUP7hxZhMpoA/v2A/H16oATiOd8=,9WJoMtAwOFRgdDO21mv+a1SVit4=
-3,15,vUP7hxZhMpoA/v2A/H16oATiOd8=,9WJoMtAwOFRgdDO21mv+a1SVit4=
-31,9,f5iCoyV0G+uMoycryyzTFpgqnFg=,Vi9LypgPqtDVfZzVefT2J0aT7SU=
-30,9,f5iCoyV0G+uMoycryyzTFpgqnFg=,Vi9LypgPqtDVfZzVefT2J0aT7SU=
-29,9,f5iCoyV0G+uMoycryyzTFpgqnFg=,Vi9LypgPqtDVfZzVefT2J0aT7SU=
-28,9,f5iCoyV0G+uMoycryyzTFpgqnFg=,Vi9LypgPqtDVfZzVefT2J0aT7SU=
-27,9,f5iCoyV0G+uMoycryyzTFpgqnFg=,Vi9LypgPqtDVfZzVefT2J0aT7SU=
-26,9,f5iCoyV0G+uMoycryyzTFpgqnFg=,Vi9LypgPqtDVfZzVefT2J0aT7SU=
-31,10,f5iCoyV0G+uMoycryyzTFpgqnFg=,Vi9LypgPqtDVfZzVefT2J0aT7SU=
-30,10,f5iCoyV0G+uMoycryyzTFpgqnFg=,Vi9LypgPqtDVfZzVefT2J0aT7SU=
-29,10,f5iCoyV0G+uMoycryyzTFpgqnFg=,Vi9LypgPqtDVfZzVefT2J0aT7SU=
-28,10,f5iCoyV0G+uMoycryyzTFpgqnFg=,Vi9LypgPqtDVfZzVefT2J0aT7SU=
-27,10,f5iCoyV0G+uMoycryyzTFpgqnFg=,Vi9LypgPqtDVfZzVefT2J0aT7SU=
-26,10,f5iCoyV0G+uMoycryyzTFpgqnFg=,Vi9LypgPqtDVfZzVefT2J0aT7SU=
-31,11,f5iCoyV0G+uMoycryyzTFpgqnFg=,Vi9LypgPqtDVfZzVefT2J0aT7SU=
-30,11,f5iCoyV0G+uMoycryyzTFpgqnFg=,Vi9LypgPqtDVfZzVefT2J0aT7SU=
-29,11,f5iCoyV0G+uMoycryyzTFpgqnFg=,Vi9LypgPqtDVfZzVefT2J0aT7SU=
-28,11,f5iCoyV0G+uMoycryyzTFpgqnFg=,Vi9LypgPqtDVfZzVefT2J0aT7SU=
-27,11,f5iCoyV0G+uMoycryyzTFpgqnFg=,Vi9LypgPqtDVfZzVefT2J0aT7SU=
-26,11,f5iCoyV0G+uMoycryyzTFpgqnFg=,Vi9LypgPqtDVfZzVefT2J0aT7SU=
-31,12,f5iCoyV0G+uMoycryyzTFpgqnFg=,Vi9LypgPqtDVfZzVefT2J0aT7SU=
-30,12,f5iCoyV0G+uMoycryyzTFpgqnFg=,Vi9LypgPqtDVfZzVefT2J0aT7SU=
-29,12,f5iCoyV0G+uMoycryyzTFpgqnFg=,Vi9LypgPqtDVfZzVefT2J0aT7SU=
-28,12,f5iCoyV0G+uMoycryyzTFpgqnFg=,Vi9LypgPqtDVfZzVefT2J0aT7SU=
-27,12,f5iCoyV0G+uMoycryyzTFpgqnFg=,Vi9LypgPqtDVfZzVefT2J0aT7SU=
-26,12,f5iCoyV0G+uMoycryyzTFpgqnFg=,Vi9LypgPqtDVfZzVefT2J0aT7SU=
-31,13,f5iCoyV0G+uMoycryyzTFpgqnFg=,Vi9LypgPqtDVfZzVefT2J0aT7SU=
-30,13,f5iCoyV0G+uMoycryyzTFpgqnFg=,Vi9LypgPqtDVfZzVefT2J0aT7SU=
-29,13,f5iCoyV0G+uMoycryyzTFpgqnFg=,Vi9LypgPqtDVfZzVefT2J0aT7SU=
-28,13,f5iCoyV0G+uMoycryyzTFpgqnFg=,Vi9LypgPqtDVfZzVefT2J0aT7SU=
-27,13,f5iCoyV0G+uMoycryyzTFpgqnFg=,Vi9LypgPqtDVfZzVefT2J0aT7SU=
-26,13,f5iCoyV0G+uMoycryyzTFpgqnFg=,Vi9LypgPqtDVfZzVefT2J0aT7SU=
-31,14,f5iCoyV0G+uMoycryyzTFpgqnFg=,Vi9LypgPqtDVfZzVefT2J0aT7SU=
-30,14,f5iCoyV0G+uMoycryyzTFpgqnFg=,Vi9LypgPqtDVfZzVefT2J0aT7SU=
-29,14,f5iCoyV0G+uMoycryyzTFpgqnFg=,Vi9LypgPqtDVfZzVefT2J0aT7SU=
-28,14,f5iCoyV0G+uMoycryyzTFpgqnFg=,Vi9LypgPqtDVfZzVefT2J0aT7SU=
-27,14,f5iCoyV0G+uMoycryyzTFpgqnFg=,Vi9LypgPqtDVfZzVefT2J0aT7SU=
-26,14,f5iCoyV0G+uMoycryyzTFpgqnFg=,Vi9LypgPqtDVfZzVefT2J0aT7SU=
-26,2,f5iCoyV0G+uMoycryyzTFpgqnFg=,KknpS3w8hbQrqCiV2Uqg3oRMMj4=
-31,3,f5iCoyV0G+uMoycryyzTFpgqnFg=,KknpS3w8hbQrqCiV2Uqg3oRMMj4=
-30,3,f5iCoyV0G+uMoycryyzTFpgqnFg=,KknpS3w8hbQrqCiV2Uqg3oRMMj4=
-29,3,f5iCoyV0G+uMoycryyzTFpgqnFg=,KknpS3w8hbQrqCiV2Uqg3oRMMj4=
-28,3,f5iCoyV0G+uMoycryyzTFpgqnFg=,KknpS3w8hbQrqCiV2Uqg3oRMMj4=
-31,2,f5iCoyV0G+uMoycryyzTFpgqnFg=,KknpS3w8hbQrqCiV2Uqg3oRMMj4=
-31,8,f5iCoyV0G+uMoycryyzTFpgqnFg=,Vi9LypgPqtDVfZzVefT2J0aT7SU=
-27,3,f5iCoyV0G+uMoycryyzTFpgqnFg=,KknpS3w8hbQrqCiV2Uqg3oRMMj4=
-26,3,f5iCoyV0G+uMoycryyzTFpgqnFg=,KknpS3w8hbQrqCiV2Uqg3oRMMj4=
-30,8,f5iCoyV0G+uMoycryyzTFpgqnFg=,Vi9LypgPqtDVfZzVefT2J0aT7SU=
-29,8,f5iCoyV0G+uMoycryyzTFpgqnFg=,Vi9LypgPqtDVfZzVefT2J0aT7SU=
-28,8,f5iCoyV0G+uMoycryyzTFpgqnFg=,Vi9LypgPqtDVfZzVefT2J0aT7SU=
-27,8,f5iCoyV0G+uMoycryyzTFpgqnFg=,Vi9LypgPqtDVfZzVefT2J0aT7SU=
-26,8,f5iCoyV0G+uMoycryyzTFpgqnFg=,Vi9LypgPqtDVfZzVefT2J0aT7SU=
-31,4,WfWu0ZZzFtcnMNU9kh7RLjZBdU4=,KknpS3w8hbQrqCiV2Uqg3oRMMj4=
-30,4,WfWu0ZZzFtcnMNU9kh7RLjZBdU4=,KknpS3w8hbQrqCiV2Uqg3oRMMj4=
-29,4,WfWu0ZZzFtcnMNU9kh7RLjZBdU4=,KknpS3w8hbQrqCiV2Uqg3oRMMj4=
-28,4,WfWu0ZZzFtcnMNU9kh7RLjZBdU4=,KknpS3w8hbQrqCiV2Uqg3oRMMj4=
-27,4,WfWu0ZZzFtcnMNU9kh7RLjZBdU4=,KknpS3w8hbQrqCiV2Uqg3oRMMj4=
-30,2,WfWu0ZZzFtcnMNU9kh7RLjZBdU4=,KknpS3w8hbQrqCiV2Uqg3oRMMj4=
-26,4,WfWu0ZZzFtcnMNU9kh7RLjZBdU4=,KknpS3w8hbQrqCiV2Uqg3oRMMj4=
-31,5,WfWu0ZZzFtcnMNU9kh7RLjZBdU4=,KknpS3w8hbQrqCiV2Uqg3oRMMj4=
-30,5,WfWu0ZZzFtcnMNU9kh7RLjZBdU4=,KknpS3w8hbQrqCiV2Uqg3oRMMj4=
-29,5,WfWu0ZZzFtcnMNU9kh7RLjZBdU4=,KknpS3w8hbQrqCiV2Uqg3oRMMj4=
-28,5,WfWu0ZZzFtcnMNU9kh7RLjZBdU4=,KknpS3w8hbQrqCiV2Uqg3oRMMj4=
-27,5,WfWu0ZZzFtcnMNU9kh7RLjZBdU4=,KknpS3w8hbQrqCiV2Uqg3oRMMj4=
-26,5,WfWu0ZZzFtcnMNU9kh7RLjZBdU4=,KknpS3w8hbQrqCiV2Uqg3oRMMj4=
-29,2,WfWu0ZZzFtcnMNU9kh7RLjZBdU4=,KknpS3w8hbQrqCiV2Uqg3oRMMj4=
-31,6,WfWu0ZZzFtcnMNU9kh7RLjZBdU4=,KknpS3w8hbQrqCiV2Uqg3oRMMj4=
-30,6,WfWu0ZZzFtcnMNU9kh7RLjZBdU4=,KknpS3w8hbQrqCiV2Uqg3oRMMj4=
-29,6,WfWu0ZZzFtcnMNU9kh7RLjZBdU4=,KknpS3w8hbQrqCiV2Uqg3oRMMj4=
-28,0,WfWu0ZZzFtcnMNU9kh7RLjZBdU4=,KknpS3w8hbQrqCiV2Uqg3oRMMj4=
-27,0,WfWu0ZZzFtcnMNU9kh7RLjZBdU4=,KknpS3w8hbQrqCiV2Uqg3oRMMj4=
-31,0,WfWu0ZZzFtcnMNU9kh7RLjZBdU4=,KknpS3w8hbQrqCiV2Uqg3oRMMj4=
-26,0,WfWu0ZZzFtcnMNU9kh7RLjZBdU4=,KknpS3w8hbQrqCiV2Uqg3oRMMj4=
-30,0,WfWu0ZZzFtcnMNU9kh7RLjZBdU4=,KknpS3w8hbQrqCiV2Uqg3oRMMj4=
-29,0,WfWu0ZZzFtcnMNU9kh7RLjZBdU4=,KknpS3w8hbQrqCiV2Uqg3oRMMj4=
-28,6,WfWu0ZZzFtcnMNU9kh7RLjZBdU4=,KknpS3w8hbQrqCiV2Uqg3oRMMj4=
-27,6,WfWu0ZZzFtcnMNU9kh7RLjZBdU4=,KknpS3w8hbQrqCiV2Uqg3oRMMj4=
-28,2,WfWu0ZZzFtcnMNU9kh7RLjZBdU4=,KknpS3w8hbQrqCiV2Uqg3oRMMj4=
-26,6,WfWu0ZZzFtcnMNU9kh7RLjZBdU4=,KknpS3w8hbQrqCiV2Uqg3oRMMj4=
-27,2,WfWu0ZZzFtcnMNU9kh7RLjZBdU4=,KknpS3w8hbQrqCiV2Uqg3oRMMj4=
-30,1,WfWu0ZZzFtcnMNU9kh7RLjZBdU4=,KknpS3w8hbQrqCiV2Uqg3oRMMj4=
-29,1,WfWu0ZZzFtcnMNU9kh7RLjZBdU4=,KknpS3w8hbQrqCiV2Uqg3oRMMj4=
-28,1,WfWu0ZZzFtcnMNU9kh7RLjZBdU4=,KknpS3w8hbQrqCiV2Uqg3oRMMj4=
-27,1,WfWu0ZZzFtcnMNU9kh7RLjZBdU4=,KknpS3w8hbQrqCiV2Uqg3oRMMj4=
-26,1,WfWu0ZZzFtcnMNU9kh7RLjZBdU4=,KknpS3w8hbQrqCiV2Uqg3oRMMj4=
-31,7,WfWu0ZZzFtcnMNU9kh7RLjZBdU4=,KknpS3w8hbQrqCiV2Uqg3oRMMj4=
-31,1,WfWu0ZZzFtcnMNU9kh7RLjZBdU4=,KknpS3w8hbQrqCiV2Uqg3oRMMj4=
-30,7,WfWu0ZZzFtcnMNU9kh7RLjZBdU4=,KknpS3w8hbQrqCiV2Uqg3oRMMj4=
-26,7,WfWu0ZZzFtcnMNU9kh7RLjZBdU4=,KknpS3w8hbQrqCiV2Uqg3oRMMj4=
-27,7,WfWu0ZZzFtcnMNU9kh7RLjZBdU4=,KknpS3w8hbQrqCiV2Uqg3oRMMj4=
-28,7,WfWu0ZZzFtcnMNU9kh7RLjZBdU4=,KknpS3w8hbQrqCiV2Uqg3oRMMj4=
-29,7,WfWu0ZZzFtcnMNU9kh7RLjZBdU4=,KknpS3w8hbQrqCiV2Uqg3oRMMj4=
-32,9,WfWu0ZZzFtcnMNU9kh7RLjZBdU4=,Vi9LypgPqtDVfZzVefT2J0aT7SU=
-28,15,WfWu0ZZzFtcnMNU9kh7RLjZBdU4=,Vi9LypgPqtDVfZzVefT2J0aT7SU=
-27,15,WfWu0ZZzFtcnMNU9kh7RLjZBdU4=,Vi9LypgPqtDVfZzVefT2J0aT7SU=
-26,15,WfWu0ZZzFtcnMNU9kh7RLjZBdU4=,Vi9LypgPqtDVfZzVefT2J0aT7SU=
-31,15,ExfgrDsDeIdI31fWuLZYCe0tHJg=,Vi9LypgPqtDVfZzVefT2J0aT7SU=
-30,15,ExfgrDsDeIdI31fWuLZYCe0tHJg=,Vi9LypgPqtDVfZzVefT2J0aT7SU=
-29,15,ExfgrDsDeIdI31fWuLZYCe0tHJg=,Vi9LypgPqtDVfZzVefT2J0aT7SU=
-32,3,ExfgrDsDeIdI31fWuLZYCe0tHJg=,KknpS3w8hbQrqCiV2Uqg3oRMMj4=
-32,2,ExfgrDsDeIdI31fWuLZYCe0tHJg=,KknpS3w8hbQrqCiV2Uqg3oRMMj4=
-32,8,ExfgrDsDeIdI31fWuLZYCe0tHJg=,Vi9LypgPqtDVfZzVefT2J0aT7SU=
-32,4,ExfgrDsDeIdI31fWuLZYCe0tHJg=,KknpS3w8hbQrqCiV2Uqg3oRMMj4=
-32,5,ExfgrDsDeIdI31fWuLZYCe0tHJg=,KknpS3w8hbQrqCiV2Uqg3oRMMj4=
-32,1,ExfgrDsDeIdI31fWuLZYCe0tHJg=,KknpS3w8hbQrqCiV2Uqg3oRMMj4=
-32,6,ExfgrDsDeIdI31fWuLZYCe0tHJg=,KknpS3w8hbQrqCiV2Uqg3oRMMj4=
-32,7,ExfgrDsDeIdI31fWuLZYCe0tHJg=,KknpS3w8hbQrqCiV2Uqg3oRMMj4=
-32,15,ExfgrDsDeIdI31fWuLZYCe0tHJg=,Vi9LypgPqtDVfZzVefT2J0aT7SU=
-32,0,ExfgrDsDeIdI31fWuLZYCe0tHJg=,KknpS3w8hbQrqCiV2Uqg3oRMMj4=
-32,14,ExfgrDsDeIdI31fWuLZYCe0tHJg=,Vi9LypgPqtDVfZzVefT2J0aT7SU=
-32,13,ExfgrDsDeIdI31fWuLZYCe0tHJg=,Vi9LypgPqtDVfZzVefT2J0aT7SU=
-32,12,ExfgrDsDeIdI31fWuLZYCe0tHJg=,Vi9LypgPqtDVfZzVefT2J0aT7SU=
-32,11,ExfgrDsDeIdI31fWuLZYCe0tHJg=,Vi9LypgPqtDVfZzVefT2J0aT7SU=
-32,10,ExfgrDsDeIdI31fWuLZYCe0tHJg=,Vi9LypgPqtDVfZzVefT2J0aT7SU=
-25,2,ExfgrDsDeIdI31fWuLZYCe0tHJg=,KknpS3w8hbQrqCiV2Uqg3oRMMj4=
-20,3,bu8Sh6QifKZd+bTSXspfQN1VpZw=,Mx0LSLfTbJmuD0VC0PDjcUOEitQ=
-21,3,bu8Sh6QifKZd+bTSXspfQN1VpZw=,Mx0LSLfTbJmuD0VC0PDjcUOEitQ=
-22,3,bu8Sh6QifKZd+bTSXspfQN1VpZw=,Mx0LSLfTbJmuD0VC0PDjcUOEitQ=
-19,3,bu8Sh6QifKZd+bTSXspfQN1VpZw=,Mx0LSLfTbJmuD0VC0PDjcUOEitQ=
-18,3,bu8Sh6QifKZd+bTSXspfQN1VpZw=,Mx0LSLfTbJmuD0VC0PDjcUOEitQ=
-25,3,bu8Sh6QifKZd+bTSXspfQN1VpZw=,KknpS3w8hbQrqCiV2Uqg3oRMMj4=
-17,3,bu8Sh6QifKZd+bTSXspfQN1VpZw=,Mx0LSLfTbJmuD0VC0PDjcUOEitQ=
-24,4,bu8Sh6QifKZd+bTSXspfQN1VpZw=,Mx0LSLfTbJmuD0VC0PDjcUOEitQ=
-23,4,bu8Sh6QifKZd+bTSXspfQN1VpZw=,Mx0LSLfTbJmuD0VC0PDjcUOEitQ=
-22,4,bu8Sh6QifKZd+bTSXspfQN1VpZw=,Mx0LSLfTbJmuD0VC0PDjcUOEitQ=
-21,4,bu8Sh6QifKZd+bTSXspfQN1VpZw=,Mx0LSLfTbJmuD0VC0PDjcUOEitQ=
-20,13,bu8Sh6QifKZd+bTSXspfQN1VpZw=,Kl3yM0FvFr1JA02X2wHqckr5IHI=
-25,4,bu8Sh6QifKZd+bTSXspfQN1VpZw=,KknpS3w8hbQrqCiV2Uqg3oRMMj4=
-20,4,bu8Sh6QifKZd+bTSXspfQN1VpZw=,Mx0LSLfTbJmuD0VC0PDjcUOEitQ=
-19,4,bu8Sh6QifKZd+bTSXspfQN1VpZw=,Mx0LSLfTbJmuD0VC0PDjcUOEitQ=
-18,4,bu8Sh6QifKZd+bTSXspfQN1VpZw=,Mx0LSLfTbJmuD0VC0PDjcUOEitQ=
-17,4,bu8Sh6QifKZd+bTSXspfQN1VpZw=,Mx0LSLfTbJmuD0VC0PDjcUOEitQ=
-24,5,bu8Sh6QifKZd+bTSXspfQN1VpZw=,Mx0LSLfTbJmuD0VC0PDjcUOEitQ=
-25,0,bu8Sh6QifKZd+bTSXspfQN1VpZw=,KknpS3w8hbQrqCiV2Uqg3oRMMj4=
-24,0,bu8Sh6QifKZd+bTSXspfQN1VpZw=,Mx0LSLfTbJmuD0VC0PDjcUOEitQ=
-23,5,bu8Sh6QifKZd+bTSXspfQN1VpZw=,Mx0LSLfTbJmuD0VC0PDjcUOEitQ=
-22,5,bu8Sh6QifKZd+bTSXspfQN1VpZw=,Mx0LSLfTbJmuD0VC0PDjcUOEitQ=
-23,0,bu8Sh6QifKZd+bTSXspfQN1VpZw=,Mx0LSLfTbJmuD0VC0PDjcUOEitQ=
-22,0,bu8Sh6QifKZd+bTSXspfQN1VpZw=,Mx0LSLfTbJmuD0VC0PDjcUOEitQ=
-21,0,bu8Sh6QifKZd+bTSXspfQN1VpZw=,Mx0LSLfTbJmuD0VC0PDjcUOEitQ=
-20,0,bu8Sh6QifKZd+bTSXspfQN1VpZw=,Mx0LSLfTbJmuD0VC0PDjcUOEitQ=
-19,0,bu8Sh6QifKZd+bTSXspfQN1VpZw=,Mx0LSLfTbJmuD0VC0PDjcUOEitQ=
-18,0,bu8Sh6QifKZd+bTSXspfQN1VpZw=,Mx0LSLfTbJmuD0VC0PDjcUOEitQ=
-25,5,bu8Sh6QifKZd+bTSXspfQN1VpZw=,KknpS3w8hbQrqCiV2Uqg3oRMMj4=
-17,0,bu8Sh6QifKZd+bTSXspfQN1VpZw=,Mx0LSLfTbJmuD0VC0PDjcUOEitQ=
-24,1,bu8Sh6QifKZd+bTSXspfQN1VpZw=,Mx0LSLfTbJmuD0VC0PDjcUOEitQ=
-23,1,bu8Sh6QifKZd+bTSXspfQN1VpZw=,Mx0LSLfTbJmuD0VC0PDjcUOEitQ=
-21,5,bu8Sh6QifKZd+bTSXspfQN1VpZw=,Mx0LSLfTbJmuD0VC0PDjcUOEitQ=
-22,1,bu8Sh6QifKZd+bTSXspfQN1VpZw=,Mx0LSLfTbJmuD0VC0PDjcUOEitQ=
-20,5,bu8Sh6QifKZd+bTSXspfQN1VpZw=,Mx0LSLfTbJmuD0VC0PDjcUOEitQ=
-21,1,bu8Sh6QifKZd+bTSXspfQN1VpZw=,Mx0LSLfTbJmuD0VC0PDjcUOEitQ=
-20,1,bu8Sh6QifKZd+bTSXspfQN1VpZw=,Mx0LSLfTbJmuD0VC0PDjcUOEitQ=
-19,5,bu8Sh6QifKZd+bTSXspfQN1VpZw=,Mx0LSLfTbJmuD0VC0PDjcUOEitQ=
-18,5,bu8Sh6QifKZd+bTSXspfQN1VpZw=,Mx0LSLfTbJmuD0VC0PDjcUOEitQ=
-17,5,bu8Sh6QifKZd+bTSXspfQN1VpZw=,Mx0LSLfTbJmuD0VC0PDjcUOEitQ=
-24,6,bu8Sh6QifKZd+bTSXspfQN1VpZw=,Mx0LSLfTbJmuD0VC0PDjcUOEitQ=
-19,1,bu8Sh6QifKZd+bTSXspfQN1VpZw=,Mx0LSLfTbJmuD0VC0PDjcUOEitQ=
-18,1,bu8Sh6QifKZd+bTSXspfQN1VpZw=,Mx0LSLfTbJmuD0VC0PDjcUOEitQ=
-17,1,bu8Sh6QifKZd+bTSXspfQN1VpZw=,Mx0LSLfTbJmuD0VC0PDjcUOEitQ=
-24,2,bu8Sh6QifKZd+bTSXspfQN1VpZw=,Mx0LSLfTbJmuD0VC0PDjcUOEitQ=
-23,6,bu8Sh6QifKZd+bTSXspfQN1VpZw=,Mx0LSLfTbJmuD0VC0PDjcUOEitQ=
-22,6,bu8Sh6QifKZd+bTSXspfQN1VpZw=,Mx0LSLfTbJmuD0VC0PDjcUOEitQ=
-25,6,bu8Sh6QifKZd+bTSXspfQN1VpZw=,KknpS3w8hbQrqCiV2Uqg3oRMMj4=
-21,6,bu8Sh6QifKZd+bTSXspfQN1VpZw=,Mx0LSLfTbJmuD0VC0PDjcUOEitQ=
-20,6,bu8Sh6QifKZd+bTSXspfQN1VpZw=,Mx0LSLfTbJmuD0VC0PDjcUOEitQ=
-19,6,bu8Sh6QifKZd+bTSXspfQN1VpZw=,Mx0LSLfTbJmuD0VC0PDjcUOEitQ=
-18,6,bu8Sh6QifKZd+bTSXspfQN1VpZw=,Mx0LSLfTbJmuD0VC0PDjcUOEitQ=
-23,2,bu8Sh6QifKZd+bTSXspfQN1VpZw=,Mx0LSLfTbJmuD0VC0PDjcUOEitQ=
-17,6,bu8Sh6QifKZd+bTSXspfQN1VpZw=,Mx0LSLfTbJmuD0VC0PDjcUOEitQ=
-22,2,bu8Sh6QifKZd+bTSXspfQN1VpZw=,Mx0LSLfTbJmuD0VC0PDjcUOEitQ=
-21,2,bu8Sh6QifKZd+bTSXspfQN1VpZw=,Mx0LSLfTbJmuD0VC0PDjcUOEitQ=
-20,2,bu8Sh6QifKZd+bTSXspfQN1VpZw=,Mx0LSLfTbJmuD0VC0PDjcUOEitQ=
-19,2,bu8Sh6QifKZd+bTSXspfQN1VpZw=,Mx0LSLfTbJmuD0VC0PDjcUOEitQ=
-25,1,bu8Sh6QifKZd+bTSXspfQN1VpZw=,KknpS3w8hbQrqCiV2Uqg3oRMMj4=
-18,2,bu8Sh6QifKZd+bTSXspfQN1VpZw=,Mx0LSLfTbJmuD0VC0PDjcUOEitQ=
-17,2,bu8Sh6QifKZd+bTSXspfQN1VpZw=,Mx0LSLfTbJmuD0VC0PDjcUOEitQ=
-23,3,bu8Sh6QifKZd+bTSXspfQN1VpZw=,Mx0LSLfTbJmuD0VC0PDjcUOEitQ=
-24,3,bu8Sh6QifKZd+bTSXspfQN1VpZw=,Mx0LSLfTbJmuD0VC0PDjcUOEitQ=
-25,7,bu8Sh6QifKZd+bTSXspfQN1VpZw=,KknpS3w8hbQrqCiV2Uqg3oRMMj4=
-21,13,bu8Sh6QifKZd+bTSXspfQN1VpZw=,Kl3yM0FvFr1JA02X2wHqckr5IHI=
-22,13,bu8Sh6QifKZd+bTSXspfQN1VpZw=,Kl3yM0FvFr1JA02X2wHqckr5IHI=
-17,7,bu8Sh6QifKZd+bTSXspfQN1VpZw=,Mx0LSLfTbJmuD0VC0PDjcUOEitQ=
-23,13,bu8Sh6QifKZd+bTSXspfQN1VpZw=,Kl3yM0FvFr1JA02X2wHqckr5IHI=
-18,7,bu8Sh6QifKZd+bTSXspfQN1VpZw=,Mx0LSLfTbJmuD0VC0PDjcUOEitQ=
-19,7,bu8Sh6QifKZd+bTSXspfQN1VpZw=,Mx0LSLfTbJmuD0VC0PDjcUOEitQ=
-24,13,bu8Sh6QifKZd+bTSXspfQN1VpZw=,Kl3yM0FvFr1JA02X2wHqckr5IHI=
-25,14,bu8Sh6QifKZd+bTSXspfQN1VpZw=,Vi9LypgPqtDVfZzVefT2J0aT7SU=
-21,7,bu8Sh6QifKZd+bTSXspfQN1VpZw=,Mx0LSLfTbJmuD0VC0PDjcUOEitQ=
-22,7,bu8Sh6QifKZd+bTSXspfQN1VpZw=,Mx0LSLfTbJmuD0VC0PDjcUOEitQ=
-23,7,bu8Sh6QifKZd+bTSXspfQN1VpZw=,Mx0LSLfTbJmuD0VC0PDjcUOEitQ=
-20,7,bu8Sh6QifKZd+bTSXspfQN1VpZw=,Mx0LSLfTbJmuD0VC0PDjcUOEitQ=
-24,7,bu8Sh6QifKZd+bTSXspfQN1VpZw=,Mx0LSLfTbJmuD0VC0PDjcUOEitQ=
-25,13,bu8Sh6QifKZd+bTSXspfQN1VpZw=,Vi9LypgPqtDVfZzVefT2J0aT7SU=
-17,12,bu8Sh6QifKZd+bTSXspfQN1VpZw=,Kl3yM0FvFr1JA02X2wHqckr5IHI=
-18,12,bu8Sh6QifKZd+bTSXspfQN1VpZw=,Kl3yM0FvFr1JA02X2wHqckr5IHI=
-19,12,bu8Sh6QifKZd+bTSXspfQN1VpZw=,Kl3yM0FvFr1JA02X2wHqckr5IHI=
-20,12,bu8Sh6QifKZd+bTSXspfQN1VpZw=,Kl3yM0FvFr1JA02X2wHqckr5IHI=
-21,12,bu8Sh6QifKZd+bTSXspfQN1VpZw=,Kl3yM0FvFr1JA02X2wHqckr5IHI=
-22,12,bu8Sh6QifKZd+bTSXspfQN1VpZw=,Kl3yM0FvFr1JA02X2wHqckr5IHI=
-23,12,bu8Sh6QifKZd+bTSXspfQN1VpZw=,Kl3yM0FvFr1JA02X2wHqckr5IHI=
-25,12,bu8Sh6QifKZd+bTSXspfQN1VpZw=,Vi9LypgPqtDVfZzVefT2J0aT7SU=
-24,12,bu8Sh6QifKZd+bTSXspfQN1VpZw=,Kl3yM0FvFr1JA02X2wHqckr5IHI=
-17,11,bu8Sh6QifKZd+bTSXspfQN1VpZw=,Kl3yM0FvFr1JA02X2wHqckr5IHI=
-18,11,bu8Sh6QifKZd+bTSXspfQN1VpZw=,Kl3yM0FvFr1JA02X2wHqckr5IHI=
-20,11,bu8Sh6QifKZd+bTSXspfQN1VpZw=,Kl3yM0FvFr1JA02X2wHqckr5IHI=
-21,11,bu8Sh6QifKZd+bTSXspfQN1VpZw=,Kl3yM0FvFr1JA02X2wHqckr5IHI=
-22,11,bu8Sh6QifKZd+bTSXspfQN1VpZw=,Kl3yM0FvFr1JA02X2wHqckr5IHI=
-23,11,bu8Sh6QifKZd+bTSXspfQN1VpZw=,Kl3yM0FvFr1JA02X2wHqckr5IHI=
-17,10,bu8Sh6QifKZd+bTSXspfQN1VpZw=,Kl3yM0FvFr1JA02X2wHqckr5IHI=
-19,11,bu8Sh6QifKZd+bTSXspfQN1VpZw=,Kl3yM0FvFr1JA02X2wHqckr5IHI=
-18,10,bu8Sh6QifKZd+bTSXspfQN1VpZw=,Kl3yM0FvFr1JA02X2wHqckr5IHI=
-19,10,bu8Sh6QifKZd+bTSXspfQN1VpZw=,Kl3yM0FvFr1JA02X2wHqckr5IHI=
-20,10,bu8Sh6QifKZd+bTSXspfQN1VpZw=,Kl3yM0FvFr1JA02X2wHqckr5IHI=
-21,10,bu8Sh6QifKZd+bTSXspfQN1VpZw=,Kl3yM0FvFr1JA02X2wHqckr5IHI=
-22,10,bu8Sh6QifKZd+bTSXspfQN1VpZw=,Kl3yM0FvFr1JA02X2wHqckr5IHI=
-23,10,bu8Sh6QifKZd+bTSXspfQN1VpZw=,Kl3yM0FvFr1JA02X2wHqckr5IHI=
-17,15,bu8Sh6QifKZd+bTSXspfQN1VpZw=,Kl3yM0FvFr1JA02X2wHqckr5IHI=
-24,10,bu8Sh6QifKZd+bTSXspfQN1VpZw=,Kl3yM0FvFr1JA02X2wHqckr5IHI=
-17,9,bu8Sh6QifKZd+bTSXspfQN1VpZw=,Kl3yM0FvFr1JA02X2wHqckr5IHI=
-18,15,bu8Sh6QifKZd+bTSXspfQN1VpZw=,Kl3yM0FvFr1JA02X2wHqckr5IHI=
-19,15,bu8Sh6QifKZd+bTSXspfQN1VpZw=,Kl3yM0FvFr1JA02X2wHqckr5IHI=
-20,15,bu8Sh6QifKZd+bTSXspfQN1VpZw=,Kl3yM0FvFr1JA02X2wHqckr5IHI=
-21,15,bu8Sh6QifKZd+bTSXspfQN1VpZw=,Kl3yM0FvFr1JA02X2wHqckr5IHI=
-24,11,bu8Sh6QifKZd+bTSXspfQN1VpZw=,Kl3yM0FvFr1JA02X2wHqckr5IHI=
-25,11,bu8Sh6QifKZd+bTSXspfQN1VpZw=,Vi9LypgPqtDVfZzVefT2J0aT7SU=
-22,15,bu8Sh6QifKZd+bTSXspfQN1VpZw=,Kl3yM0FvFr1JA02X2wHqckr5IHI=
-23,15,bu8Sh6QifKZd+bTSXspfQN1VpZw=,Kl3yM0FvFr1JA02X2wHqckr5IHI=
-19,9,bu8Sh6QifKZd+bTSXspfQN1VpZw=,Kl3yM0FvFr1JA02X2wHqckr5IHI=
-18,9,bu8Sh6QifKZd+bTSXspfQN1VpZw=,Kl3yM0FvFr1JA02X2wHqckr5IHI=
-20,9,bu8Sh6QifKZd+bTSXspfQN1VpZw=,Kl3yM0FvFr1JA02X2wHqckr5IHI=
-24,15,bu8Sh6QifKZd+bTSXspfQN1VpZw=,Kl3yM0FvFr1JA02X2wHqckr5IHI=
-21,9,bu8Sh6QifKZd+bTSXspfQN1VpZw=,Kl3yM0FvFr1JA02X2wHqckr5IHI=
-22,9,bu8Sh6QifKZd+bTSXspfQN1VpZw=,Kl3yM0FvFr1JA02X2wHqckr5IHI=
-17,14,bu8Sh6QifKZd+bTSXspfQN1VpZw=,Kl3yM0FvFr1JA02X2wHqckr5IHI=
-23,9,bu8Sh6QifKZd+bTSXspfQN1VpZw=,Kl3yM0FvFr1JA02X2wHqckr5IHI=
-18,14,bu8Sh6QifKZd+bTSXspfQN1VpZw=,Kl3yM0FvFr1JA02X2wHqckr5IHI=
-24,9,bu8Sh6QifKZd+bTSXspfQN1VpZw=,Kl3yM0FvFr1JA02X2wHqckr5IHI=
-19,14,bu8Sh6QifKZd+bTSXspfQN1VpZw=,Kl3yM0FvFr1JA02X2wHqckr5IHI=
-21,14,bu8Sh6QifKZd+bTSXspfQN1VpZw=,Kl3yM0FvFr1JA02X2wHqckr5IHI=
-25,10,bu8Sh6QifKZd+bTSXspfQN1VpZw=,Vi9LypgPqtDVfZzVefT2J0aT7SU=
-22,14,bu8Sh6QifKZd+bTSXspfQN1VpZw=,Kl3yM0FvFr1JA02X2wHqckr5IHI=
-25,9,bu8Sh6QifKZd+bTSXspfQN1VpZw=,Vi9LypgPqtDVfZzVefT2J0aT7SU=
-23,14,bu8Sh6QifKZd+bTSXspfQN1VpZw=,Kl3yM0FvFr1JA02X2wHqckr5IHI=
-24,14,bu8Sh6QifKZd+bTSXspfQN1VpZw=,Kl3yM0FvFr1JA02X2wHqckr5IHI=
-17,8,bu8Sh6QifKZd+bTSXspfQN1VpZw=,Kl3yM0FvFr1JA02X2wHqckr5IHI=
-18,8,bu8Sh6QifKZd+bTSXspfQN1VpZw=,Kl3yM0FvFr1JA02X2wHqckr5IHI=
-19,8,bu8Sh6QifKZd+bTSXspfQN1VpZw=,Kl3yM0FvFr1JA02X2wHqckr5IHI=
-25,8,bu8Sh6QifKZd+bTSXspfQN1VpZw=,Vi9LypgPqtDVfZzVefT2J0aT7SU=
-17,13,bu8Sh6QifKZd+bTSXspfQN1VpZw=,Kl3yM0FvFr1JA02X2wHqckr5IHI=
-20,8,bu8Sh6QifKZd+bTSXspfQN1VpZw=,Kl3yM0FvFr1JA02X2wHqckr5IHI=
-21,8,bu8Sh6QifKZd+bTSXspfQN1VpZw=,Kl3yM0FvFr1JA02X2wHqckr5IHI=
-22,8,bu8Sh6QifKZd+bTSXspfQN1VpZw=,Kl3yM0FvFr1JA02X2wHqckr5IHI=
-20,14,bu8Sh6QifKZd+bTSXspfQN1VpZw=,Kl3yM0FvFr1JA02X2wHqckr5IHI=
-24,8,bu8Sh6QifKZd+bTSXspfQN1VpZw=,Kl3yM0FvFr1JA02X2wHqckr5IHI=
-23,8,bu8Sh6QifKZd+bTSXspfQN1VpZw=,Kl3yM0FvFr1JA02X2wHqckr5IHI=
-19,13,bu8Sh6QifKZd+bTSXspfQN1VpZw=,Kl3yM0FvFr1JA02X2wHqckr5IHI=
-25,15,bu8Sh6QifKZd+bTSXspfQN1VpZw=,Vi9LypgPqtDVfZzVefT2J0aT7SU=
-18,13,bu8Sh6QifKZd+bTSXspfQN1VpZw=,Kl3yM0FvFr1JA02X2wHqckr5IHI=
-30,18,bu8Sh6QifKZd+bTSXspfQN1VpZw=,XGaDwx4n9tp44kpnScvY8rjBMS4=
-29,18,bu8Sh6QifKZd+bTSXspfQN1VpZw=,XGaDwx4n9tp44kpnScvY8rjBMS4=
-28,18,bu8Sh6QifKZd+bTSXspfQN1VpZw=,XGaDwx4n9tp44kpnScvY8rjBMS4=
-28,16,bu8Sh6QifKZd+bTSXspfQN1VpZw=,XGaDwx4n9tp44kpnScvY8rjBMS4=
-28,23,bu8Sh6QifKZd+bTSXspfQN1VpZw=,XGaDwx4n9tp44kpnScvY8rjBMS4=
-27,18,bu8Sh6QifKZd+bTSXspfQN1VpZw=,XGaDwx4n9tp44kpnScvY8rjBMS4=
-27,23,bu8Sh6QifKZd+bTSXspfQN1VpZw=,XGaDwx4n9tp44kpnScvY8rjBMS4=
-27,16,bu8Sh6QifKZd+bTSXspfQN1VpZw=,XGaDwx4n9tp44kpnScvY8rjBMS4=
-32,16,bu8Sh6QifKZd+bTSXspfQN1VpZw=,XGaDwx4n9tp44kpnScvY8rjBMS4=
-26,16,bu8Sh6QifKZd+bTSXspfQN1VpZw=,XGaDwx4n9tp44kpnScvY8rjBMS4=
-26,23,bu8Sh6QifKZd+bTSXspfQN1VpZw=,XGaDwx4n9tp44kpnScvY8rjBMS4=
-26,22,bu8Sh6QifKZd+bTSXspfQN1VpZw=,XGaDwx4n9tp44kpnScvY8rjBMS4=
-32,21,bu8Sh6QifKZd+bTSXspfQN1VpZw=,XGaDwx4n9tp44kpnScvY8rjBMS4=
-28,17,bu8Sh6QifKZd+bTSXspfQN1VpZw=,XGaDwx4n9tp44kpnScvY8rjBMS4=
-32,22,bu8Sh6QifKZd+bTSXspfQN1VpZw=,XGaDwx4n9tp44kpnScvY8rjBMS4=
-31,21,bu8Sh6QifKZd+bTSXspfQN1VpZw=,XGaDwx4n9tp44kpnScvY8rjBMS4=
-27,17,bu8Sh6QifKZd+bTSXspfQN1VpZw=,XGaDwx4n9tp44kpnScvY8rjBMS4=
-26,17,bu8Sh6QifKZd+bTSXspfQN1VpZw=,XGaDwx4n9tp44kpnScvY8rjBMS4=
-32,23,bu8Sh6QifKZd+bTSXspfQN1VpZw=,XGaDwx4n9tp44kpnScvY8rjBMS4=
-32,17,bu8Sh6QifKZd+bTSXspfQN1VpZw=,XGaDwx4n9tp44kpnScvY8rjBMS4=
-31,23,bu8Sh6QifKZd+bTSXspfQN1VpZw=,XGaDwx4n9tp44kpnScvY8rjBMS4=
-30,21,bu8Sh6QifKZd+bTSXspfQN1VpZw=,XGaDwx4n9tp44kpnScvY8rjBMS4=
-26,18,bu8Sh6QifKZd+bTSXspfQN1VpZw=,XGaDwx4n9tp44kpnScvY8rjBMS4=
-31,22,bu8Sh6QifKZd+bTSXspfQN1VpZw=,XGaDwx4n9tp44kpnScvY8rjBMS4=
-30,19,bu8Sh6QifKZd+bTSXspfQN1VpZw=,XGaDwx4n9tp44kpnScvY8rjBMS4=
-29,19,bu8Sh6QifKZd+bTSXspfQN1VpZw=,XGaDwx4n9tp44kpnScvY8rjBMS4=
-28,19,bu8Sh6QifKZd+bTSXspfQN1VpZw=,XGaDwx4n9tp44kpnScvY8rjBMS4=
-27,19,bu8Sh6QifKZd+bTSXspfQN1VpZw=,XGaDwx4n9tp44kpnScvY8rjBMS4=
-26,19,bu8Sh6QifKZd+bTSXspfQN1VpZw=,XGaDwx4n9tp44kpnScvY8rjBMS4=
-29,21,bu8Sh6QifKZd+bTSXspfQN1VpZw=,XGaDwx4n9tp44kpnScvY8rjBMS4=
-30,16,bu8Sh6QifKZd+bTSXspfQN1VpZw=,XGaDwx4n9tp44kpnScvY8rjBMS4=
-32,20,bu8Sh6QifKZd+bTSXspfQN1VpZw=,XGaDwx4n9tp44kpnScvY8rjBMS4=
-31,20,bu8Sh6QifKZd+bTSXspfQN1VpZw=,XGaDwx4n9tp44kpnScvY8rjBMS4=
-30,20,bu8Sh6QifKZd+bTSXspfQN1VpZw=,XGaDwx4n9tp44kpnScvY8rjBMS4=
-29,20,bu8Sh6QifKZd+bTSXspfQN1VpZw=,XGaDwx4n9tp44kpnScvY8rjBMS4=
-28,20,bu8Sh6QifKZd+bTSXspfQN1VpZw=,XGaDwx4n9tp44kpnScvY8rjBMS4=
-27,20,bu8Sh6QifKZd+bTSXspfQN1VpZw=,XGaDwx4n9tp44kpnScvY8rjBMS4=
-28,21,bu8Sh6QifKZd+bTSXspfQN1VpZw=,XGaDwx4n9tp44kpnScvY8rjBMS4=
-26,20,bu8Sh6QifKZd+bTSXspfQN1VpZw=,XGaDwx4n9tp44kpnScvY8rjBMS4=
-31,17,bu8Sh6QifKZd+bTSXspfQN1VpZw=,XGaDwx4n9tp44kpnScvY8rjBMS4=
-29,16,bu8Sh6QifKZd+bTSXspfQN1VpZw=,XGaDwx4n9tp44kpnScvY8rjBMS4=
-30,17,bu8Sh6QifKZd+bTSXspfQN1VpZw=,XGaDwx4n9tp44kpnScvY8rjBMS4=
-27,21,bu8Sh6QifKZd+bTSXspfQN1VpZw=,XGaDwx4n9tp44kpnScvY8rjBMS4=
-32,18,bu8Sh6QifKZd+bTSXspfQN1VpZw=,XGaDwx4n9tp44kpnScvY8rjBMS4=
-30,22,bu8Sh6QifKZd+bTSXspfQN1VpZw=,XGaDwx4n9tp44kpnScvY8rjBMS4=
-30,23,bu8Sh6QifKZd+bTSXspfQN1VpZw=,XGaDwx4n9tp44kpnScvY8rjBMS4=
-26,21,bu8Sh6QifKZd+bTSXspfQN1VpZw=,XGaDwx4n9tp44kpnScvY8rjBMS4=
-29,22,bu8Sh6QifKZd+bTSXspfQN1VpZw=,XGaDwx4n9tp44kpnScvY8rjBMS4=
-29,17,bu8Sh6QifKZd+bTSXspfQN1VpZw=,XGaDwx4n9tp44kpnScvY8rjBMS4=
-31,18,bu8Sh6QifKZd+bTSXspfQN1VpZw=,XGaDwx4n9tp44kpnScvY8rjBMS4=
-28,22,bu8Sh6QifKZd+bTSXspfQN1VpZw=,XGaDwx4n9tp44kpnScvY8rjBMS4=
-31,16,bu8Sh6QifKZd+bTSXspfQN1VpZw=,XGaDwx4n9tp44kpnScvY8rjBMS4=
-27,22,bu8Sh6QifKZd+bTSXspfQN1VpZw=,XGaDwx4n9tp44kpnScvY8rjBMS4=
-32,19,bu8Sh6QifKZd+bTSXspfQN1VpZw=,XGaDwx4n9tp44kpnScvY8rjBMS4=
-31,19,bu8Sh6QifKZd+bTSXspfQN1VpZw=,XGaDwx4n9tp44kpnScvY8rjBMS4=
-29,23,bu8Sh6QifKZd+bTSXspfQN1VpZw=,XGaDwx4n9tp44kpnScvY8rjBMS4=
-25,23,bu8Sh6QifKZd+bTSXspfQN1VpZw=,XGaDwx4n9tp44kpnScvY8rjBMS4=
-21,23,bu8Sh6QifKZd+bTSXspfQN1VpZw=,kvcHgNHHv4/Xlp33KfrZmiY47JA=
-22,23,bu8Sh6QifKZd+bTSXspfQN1VpZw=,kvcHgNHHv4/Xlp33KfrZmiY47JA=
-23,23,bu8Sh6QifKZd+bTSXspfQN1VpZw=,kvcHgNHHv4/Xlp33KfrZmiY47JA=
-25,21,bu8Sh6QifKZd+bTSXspfQN1VpZw=,XGaDwx4n9tp44kpnScvY8rjBMS4=
-24,23,bu8Sh6QifKZd+bTSXspfQN1VpZw=,kvcHgNHHv4/Xlp33KfrZmiY47JA=
-17,22,bu8Sh6QifKZd+bTSXspfQN1VpZw=,kvcHgNHHv4/Xlp33KfrZmiY47JA=
-18,22,pBfXK5SYu5lVacyi44Me/QAwVtA=,kvcHgNHHv4/Xlp33KfrZmiY47JA=
-25,18,pBfXK5SYu5lVacyi44Me/QAwVtA=,XGaDwx4n9tp44kpnScvY8rjBMS4=
-19,22,pBfXK5SYu5lVacyi44Me/QAwVtA=,kvcHgNHHv4/Xlp33KfrZmiY47JA=
-20,22,pBfXK5SYu5lVacyi44Me/QAwVtA=,kvcHgNHHv4/Xlp33KfrZmiY47JA=
-21,22,pBfXK5SYu5lVacyi44Me/QAwVtA=,kvcHgNHHv4/Xlp33KfrZmiY47JA=
-22,22,pBfXK5SYu5lVacyi44Me/QAwVtA=,kvcHgNHHv4/Xlp33KfrZmiY47JA=
-23,22,pBfXK5SYu5lVacyi44Me/QAwVtA=,kvcHgNHHv4/Xlp33KfrZmiY47JA=
-24,22,pBfXK5SYu5lVacyi44Me/QAwVtA=,kvcHgNHHv4/Xlp33KfrZmiY47JA=
-17,21,pBfXK5SYu5lVacyi44Me/QAwVtA=,kvcHgNHHv4/Xlp33KfrZmiY47JA=
-18,21,pBfXK5SYu5lVacyi44Me/QAwVtA=,kvcHgNHHv4/Xlp33KfrZmiY47JA=
-19,21,pBfXK5SYu5lVacyi44Me/QAwVtA=,kvcHgNHHv4/Xlp33KfrZmiY47JA=
-20,21,pBfXK5SYu5lVacyi44Me/QAwVtA=,kvcHgNHHv4/Xlp33KfrZmiY47JA=
-21,21,pBfXK5SYu5lVacyi44Me/QAwVtA=,kvcHgNHHv4/Xlp33KfrZmiY47JA=
-22,21,pBfXK5SYu5lVacyi44Me/QAwVtA=,kvcHgNHHv4/Xlp33KfrZmiY47JA=
-23,21,pBfXK5SYu5lVacyi44Me/QAwVtA=,kvcHgNHHv4/Xlp33KfrZmiY47JA=
-24,21,pBfXK5SYu5lVacyi44Me/QAwVtA=,kvcHgNHHv4/Xlp33KfrZmiY47JA=
-17,20,pBfXK5SYu5lVacyi44Me/QAwVtA=,kvcHgNHHv4/Xlp33KfrZmiY47JA=
-18,20,pBfXK5SYu5lVacyi44Me/QAwVtA=,kvcHgNHHv4/Xlp33KfrZmiY47JA=
-19,20,pBfXK5SYu5lVacyi44Me/QAwVtA=,kvcHgNHHv4/Xlp33KfrZmiY47JA=
-20,20,pBfXK5SYu5lVacyi44Me/QAwVtA=,kvcHgNHHv4/Xlp33KfrZmiY47JA=
-21,20,pBfXK5SYu5lVacyi44Me/QAwVtA=,kvcHgNHHv4/Xlp33KfrZmiY47JA=
-22,20,pBfXK5SYu5lVacyi44Me/QAwVtA=,kvcHgNHHv4/Xlp33KfrZmiY47JA=
-23,20,pBfXK5SYu5lVacyi44Me/QAwVtA=,kvcHgNHHv4/Xlp33KfrZmiY47JA=
-24,20,pBfXK5SYu5lVacyi44Me/QAwVtA=,kvcHgNHHv4/Xlp33KfrZmiY47JA=
-25,20,pBfXK5SYu5lVacyi44Me/QAwVtA=,XGaDwx4n9tp44kpnScvY8rjBMS4=
-17,19,pBfXK5SYu5lVacyi44Me/QAwVtA=,kvcHgNHHv4/Xlp33KfrZmiY47JA=
-18,19,pBfXK5SYu5lVacyi44Me/QAwVtA=,kvcHgNHHv4/Xlp33KfrZmiY47JA=
-19,19,pBfXK5SYu5lVacyi44Me/QAwVtA=,kvcHgNHHv4/Xlp33KfrZmiY47JA=
-20,19,pBfXK5SYu5lVacyi44Me/QAwVtA=,kvcHgNHHv4/Xlp33KfrZmiY47JA=
-21,19,pBfXK5SYu5lVacyi44Me/QAwVtA=,kvcHgNHHv4/Xlp33KfrZmiY47JA=
-25,17,pBfXK5SYu5lVacyi44Me/QAwVtA=,XGaDwx4n9tp44kpnScvY8rjBMS4=
-22,19,pBfXK5SYu5lVacyi44Me/QAwVtA=,kvcHgNHHv4/Xlp33KfrZmiY47JA=
-23,19,pBfXK5SYu5lVacyi44Me/QAwVtA=,kvcHgNHHv4/Xlp33KfrZmiY47JA=
-24,19,pBfXK5SYu5lVacyi44Me/QAwVtA=,kvcHgNHHv4/Xlp33KfrZmiY47JA=
-25,19,pBfXK5SYu5lVacyi44Me/QAwVtA=,XGaDwx4n9tp44kpnScvY8rjBMS4=
-17,18,pBfXK5SYu5lVacyi44Me/QAwVtA=,kvcHgNHHv4/Xlp33KfrZmiY47JA=
-18,18,pBfXK5SYu5lVacyi44Me/QAwVtA=,kvcHgNHHv4/Xlp33KfrZmiY47JA=
-19,18,pBfXK5SYu5lVacyi44Me/QAwVtA=,kvcHgNHHv4/Xlp33KfrZmiY47JA=
-20,18,pBfXK5SYu5lVacyi44Me/QAwVtA=,kvcHgNHHv4/Xlp33KfrZmiY47JA=
-21,18,pBfXK5SYu5lVacyi44Me/QAwVtA=,kvcHgNHHv4/Xlp33KfrZmiY47JA=
-22,18,pBfXK5SYu5lVacyi44Me/QAwVtA=,kvcHgNHHv4/Xlp33KfrZmiY47JA=
-23,18,pBfXK5SYu5lVacyi44Me/QAwVtA=,kvcHgNHHv4/Xlp33KfrZmiY47JA=
-24,18,pBfXK5SYu5lVacyi44Me/QAwVtA=,kvcHgNHHv4/Xlp33KfrZmiY47JA=
-17,17,pBfXK5SYu5lVacyi44Me/QAwVtA=,kvcHgNHHv4/Xlp33KfrZmiY47JA=
-18,17,pBfXK5SYu5lVacyi44Me/QAwVtA=,kvcHgNHHv4/Xlp33KfrZmiY47JA=
-25,22,pBfXK5SYu5lVacyi44Me/QAwVtA=,XGaDwx4n9tp44kpnScvY8rjBMS4=
-19,17,pBfXK5SYu5lVacyi44Me/QAwVtA=,kvcHgNHHv4/Xlp33KfrZmiY47JA=
-20,17,pBfXK5SYu5lVacyi44Me/QAwVtA=,kvcHgNHHv4/Xlp33KfrZmiY47JA=
-21,17,pBfXK5SYu5lVacyi44Me/QAwVtA=,kvcHgNHHv4/Xlp33KfrZmiY47JA=
-22,17,pBfXK5SYu5lVacyi44Me/QAwVtA=,kvcHgNHHv4/Xlp33KfrZmiY47JA=
-23,17,pBfXK5SYu5lVacyi44Me/QAwVtA=,kvcHgNHHv4/Xlp33KfrZmiY47JA=
-24,17,pBfXK5SYu5lVacyi44Me/QAwVtA=,kvcHgNHHv4/Xlp33KfrZmiY47JA=
-17,16,pBfXK5SYu5lVacyi44Me/QAwVtA=,kvcHgNHHv4/Xlp33KfrZmiY47JA=
-18,16,pBfXK5SYu5lVacyi44Me/QAwVtA=,kvcHgNHHv4/Xlp33KfrZmiY47JA=
-19,16,pBfXK5SYu5lVacyi44Me/QAwVtA=,kvcHgNHHv4/Xlp33KfrZmiY47JA=
-25,16,pBfXK5SYu5lVacyi44Me/QAwVtA=,XGaDwx4n9tp44kpnScvY8rjBMS4=
-20,16,pBfXK5SYu5lVacyi44Me/QAwVtA=,kvcHgNHHv4/Xlp33KfrZmiY47JA=
-17,23,pBfXK5SYu5lVacyi44Me/QAwVtA=,kvcHgNHHv4/Xlp33KfrZmiY47JA=
-18,23,pBfXK5SYu5lVacyi44Me/QAwVtA=,kvcHgNHHv4/Xlp33KfrZmiY47JA=
-19,23,pBfXK5SYu5lVacyi44Me/QAwVtA=,kvcHgNHHv4/Xlp33KfrZmiY47JA=
-21,16,pBfXK5SYu5lVacyi44Me/QAwVtA=,kvcHgNHHv4/Xlp33KfrZmiY47JA=
-22,16,pBfXK5SYu5lVacyi44Me/QAwVtA=,kvcHgNHHv4/Xlp33KfrZmiY47JA=
-23,16,pBfXK5SYu5lVacyi44Me/QAwVtA=,kvcHgNHHv4/Xlp33KfrZmiY47JA=
-24,16,pBfXK5SYu5lVacyi44Me/QAwVtA=,kvcHgNHHv4/Xlp33KfrZmiY47JA=
-20,23,pBfXK5SYu5lVacyi44Me/QAwVtA=,kvcHgNHHv4/Xlp33KfrZmiY47JA=
