-47,-103,XqaGDuvzbVv/ELwm03pkWPBRsSM=,sf++LcyTsPjqktK1CpuyVq5bJeA=
-46,-103,XqaGDuvzbVv/ELwm03pkWPBRsSM=,sf++LcyTsPjqktK1CpuyVq5bJeA=
-45,-103,XqaGDuvzbVv/ELwm03pkWPBRsSM=,sf++LcyTsPjqktK1CpuyVq5bJeA=
-44,-103,XqaGDuvzbVv/ELwm03pkWPBRsSM=,sf++LcyTsPjqktK1CpuyVq5bJeA=
-43,-103,XqaGDuvzbVv/ELwm03pkWPBRsSM=,sf++LcyTsPjqktK1CpuyVq5bJeA=
-42,-103,XqaGDuvzbVv/ELwm03pkWPBRsSM=,sf++LcyTsPjqktK1CpuyVq5bJeA=
-47,-102,XqaGDuvzbVv/ELwm03pkWPBRsSM=,sf++LcyTsPjqktK1CpuyVq5bJeA=
-46,-102,XqaGDuvzbVv/ELwm03pkWPBRsSM=,sf++LcyTsPjqktK1CpuyVq5bJeA=
-45,-102,XqaGDuvzbVv/ELwm03pkWPBRsSM=,sf++LcyTsPjqktK1CpuyVq5bJeA=
-44,-102,XqaGDuvzbVv/ELwm03pkWPBRsSM=,sf++LcyTsPjqktK1CpuyVq5bJeA=
-43,-102,XqaGDuvzbVv/ELwm03pkWPBRsSM=,sf++LcyTsPjqktK1CpuyVq5bJeA=
-42,-102,XqaGDuvzbVv/ELwm03pkWPBRsSM=,sf++LcyTsPjqktK1CpuyVq5bJeA=
-47,-101,XqaGDuvzbVv/ELwm03pkWPBRsSM=,sf++LcyTsPjqktK1CpuyVq5bJeA=
-46,-101,XqaGDuvzbVv/ELwm03pkWPBRsSM=,sf++LcyTsPjqktK1CpuyVq5bJeA=
-45,-101,XqaGDuvzbVv/ELwm03pkWPBRsSM=,sf++LcyTsPjqktK1CpuyVq5bJeA=
-44,-101,XqaGDuvzbVv/ELwm03pkWPBRsSM=,sf++LcyTsPjqktK1CpuyVq5bJeA=
-43,-101,XqaGDuvzbVv/ELwm03pkWPBRsSM=,sf++LcyTsPjqktK1CpuyVq5bJeA=
-42,-101,XqaGDuvzbVv/ELwm03pkWPBRsSM=,sf++LcyTsPjqktK1CpuyVq5bJeA=
-47,-100,XqaGDuvzbVv/ELwm03pkWPBRsSM=,sf++LcyTsPjqktK1CpuyVq5bJeA=
-46,-100,XqaGDuvzbVv/ELwm03pkWPBRsSM=,sf++LcyTsPjqktK1CpuyVq5bJeA=
-45,-100,XqaGDuvzbVv/ELwm03pkWPBRsSM=,sf++LcyTsPjqktK1CpuyVq5bJeA=
-44,-100,XqaGDuvzbVv/ELwm03pkWPBRsSM=,sf++LcyTsPjqktK1CpuyVq5bJeA=
-43,-100,XqaGDuvzbVv/ELwm03pkWPBRsSM=,sf++LcyTsPjqktK1CpuyVq5bJeA=
-42,-100,XqaGDuvzbVv/ELwm03pkWPBRsSM=,sf++LcyTsPjqktK1CpuyVq5bJeA=
-47,-99,XqaGDuvzbVv/ELwm03pkWPBRsSM=,sf++LcyTsPjqktK1CpuyVq5bJeA=
-46,-99,XqaGDuvzbVv/ELwm03pkWPBRsSM=,sf++LcyTsPjqktK1CpuyVq5bJeA=
-45,-99,XqaGDuvzbVv/ELwm03pkWPBRsSM=,sf++LcyTsPjqktK1CpuyVq5bJeA=
-44,-99,XqaGDuvzbVv/ELwm03pkWPBRsSM=,sf++LcyTsPjqktK1CpuyVq5bJeA=
-43,-99,XqaGDuvzbVv/ELwm03pkWPBRsSM=,sf++LcyTsPjqktK1CpuyVq5bJeA=
-42,-99,XqaGDuvzbVv/ELwm03pkWPBRsSM=,sf++LcyTsPjqktK1CpuyVq5bJeA=
-47,-98,XqaGDuvzbVv/ELwm03pkWPBRsSM=,sf++LcyTsPjqktK1CpuyVq5bJeA=
-46,-98,XqaGDuvzbVv/ELwm03pkWPBRsSM=,sf++LcyTsPjqktK1CpuyVq5bJeA=
-45,-98,XqaGDuvzbVv/ELwm03pkWPBRsSM=,sf++LcyTsPjqktK1CpuyVq5bJeA=
-44,-98,XqaGDuvzbVv/ELwm03pkWPBRsSM=,sf++LcyTsPjqktK1CpuyVq5bJeA=
-43,-98,XqaGDuvzbVv/ELwm03pkWPBRsSM=,sf++LcyTsPjqktK1CpuyVq5bJeA=
-42,-98,XqaGDuvzbVv/ELwm03pkWPBRsSM=,sf++LcyTsPjqktK1CpuyVq5bJeA=
-36,-109,XqaGDuvzbVv/ELwm03pkWPBRsSM=,3i5tPbK9AyLhD2kmsrQI+V6E4Ac=
-35,-109,XqaGDuvzbVv/ELwm03pkWPBRsSM=,3i5tPbK9AyLhD2kmsrQI+V6E4Ac=
-34,-109,XqaGDuvzbVv/ELwm03pkWPBRsSM=,3i5tPbK9AyLhD2kmsrQI+V6E4Ac=
-33,-109,XqaGDuvzbVv/ELwm03pkWPBRsSM=,3i5tPbK9AyLhD2kmsrQI+V6E4Ac=
-39,-108,XqaGDuvzbVv/ELwm03pkWPBRsSM=,3i5tPbK9AyLhD2kmsrQI+V6E4Ac=
-38,-108,XqaGDuvzbVv/ELwm03pkWPBRsSM=,3i5tPbK9AyLhD2kmsrQI+V6E4Ac=
-37,-108,XqaGDuvzbVv/ELwm03pkWPBRsSM=,3i5tPbK9AyLhD2kmsrQI+V6E4Ac=
-36,-108,XqaGDuvzbVv/ELwm03pkWPBRsSM=,3i5tPbK9AyLhD2kmsrQI+V6E4Ac=
-35,-108,XqaGDuvzbVv/ELwm03pkWPBRsSM=,3i5tPbK9AyLhD2kmsrQI+V6E4Ac=
-34,-108,XqaGDuvzbVv/ELwm03pkWPBRsSM=,3i5tPbK9AyLhD2kmsrQI+V6E4Ac=
-33,-108,XqaGDuvzbVv/ELwm03pkWPBRsSM=,3i5tPbK9AyLhD2kmsrQI+V6E4Ac=
-39,-107,XqaGDuvzbVv/ELwm03pkWPBRsSM=,3i5tPbK9AyLhD2kmsrQI+V6E4Ac=
-38,-107,XqaGDuvzbVv/ELwm03pkWPBRsSM=,3i5tPbK9AyLhD2kmsrQI+V6E4Ac=
-37,-107,XqaGDuvzbVv/ELwm03pkWPBRsSM=,3i5tPbK9AyLhD2kmsrQI+V6E4Ac=
-36,-107,XqaGDuvzbVv/ELwm03pkWPBRsSM=,3i5tPbK9AyLhD2kmsrQI+V6E4Ac=
-35,-107,XqaGDuvzbVv/ELwm03pkWPBRsSM=,3i5tPbK9AyLhD2kmsrQI+V6E4Ac=
-34,-107,XqaGDuvzbVv/ELwm03pkWPBRsSM=,3i5tPbK9AyLhD2kmsrQI+V6E4Ac=
-33,-107,XqaGDuvzbVv/ELwm03pkWPBRsSM=,3i5tPbK9AyLhD2kmsrQI+V6E4Ac=
-39,-106,XqaGDuvzbVv/ELwm03pkWPBRsSM=,3i5tPbK9AyLhD2kmsrQI+V6E4Ac=
-39,-111,XqaGDuvzbVv/ELwm03pkWPBRsSM=,3i5tPbK9AyLhD2kmsrQI+V6E4Ac=
-38,-111,XqaGDuvzbVv/ELwm03pkWPBRsSM=,3i5tPbK9AyLhD2kmsrQI+V6E4Ac=
-37,-111,XqaGDuvzbVv/ELwm03pkWPBRsSM=,3i5tPbK9AyLhD2kmsrQI+V6E4Ac=
-36,-111,XqaGDuvzbVv/ELwm03pkWPBRsSM=,3i5tPbK9AyLhD2kmsrQI+V6E4Ac=
-38,-106,XqaGDuvzbVv/ELwm03pkWPBRsSM=,3i5tPbK9AyLhD2kmsrQI+V6E4Ac=
-35,-111,XqaGDuvzbVv/ELwm03pkWPBRsSM=,3i5tPbK9AyLhD2kmsrQI+V6E4Ac=
-34,-111,XqaGDuvzbVv/ELwm03pkWPBRsSM=,3i5tPbK9AyLhD2kmsrQI+V6E4Ac=
-33,-111,XqaGDuvzbVv/ELwm03pkWPBRsSM=,3i5tPbK9AyLhD2kmsrQI+V6E4Ac=
-37,-106,XqaGDuvzbVv/ELwm03pkWPBRsSM=,3i5tPbK9AyLhD2kmsrQI+V6E4Ac=
-36,-106,XqaGDuvzbVv/ELwm03pkWPBRsSM=,3i5tPbK9AyLhD2kmsrQI+V6E4Ac=
-35,-106,XqaGDuvzbVv/ELwm03pkWPBRsSM=,3i5tPbK9AyLhD2kmsrQI+V6E4Ac=
-44,-97,XqaGDuvzbVv/ELwm03pkWPBRsSM=,sf++LcyTsPjqktK1CpuyVq5bJeA=
-34,-106,XqaGDuvzbVv/ELwm03pkWPBRsSM=,3i5tPbK9AyLhD2kmsrQI+V6E4Ac=
-43,-97,XqaGDuvzbVv/ELwm03pkWPBRsSM=,sf++LcyTsPjqktK1CpuyVq5bJeA=
-42,-97,XqaGDuvzbVv/ELwm03pkWPBRsSM=,sf++LcyTsPjqktK1CpuyVq5bJeA=
-47,-97,XqaGDuvzbVv/ELwm03pkWPBRsSM=,sf++LcyTsPjqktK1CpuyVq5bJeA=
-46,-97,XqaGDuvzbVv/ELwm03pkWPBRsSM=,sf++LcyTsPjqktK1CpuyVq5bJeA=
-45,-97,XqaGDuvzbVv/ELwm03pkWPBRsSM=,sf++LcyTsPjqktK1CpuyVq5bJeA=
-48,-103,XqaGDuvzbVv/ELwm03pkWPBRsSM=,sf++LcyTsPjqktK1CpuyVq5bJeA=
-48,-102,XqaGDuvzbVv/ELwm03pkWPBRsSM=,sf++LcyTsPjqktK1CpuyVq5bJeA=
-48,-101,XqaGDuvzbVv/ELwm03pkWPBRsSM=,sf++LcyTsPjqktK1CpuyVq5bJeA=
-48,-100,XqaGDuvzbVv/ELwm03pkWPBRsSM=,sf++LcyTsPjqktK1CpuyVq5bJeA=
-48,-99,XqaGDuvzbVv/ELwm03pkWPBRsSM=,sf++LcyTsPjqktK1CpuyVq5bJeA=
-48,-98,XqaGDuvzbVv/ELwm03pkWPBRsSM=,sf++LcyTsPjqktK1CpuyVq5bJeA=
-39,-112,XqaGDuvzbVv/ELwm03pkWPBRsSM=,3i5tPbK9AyLhD2kmsrQI+V6E4Ac=
-38,-112,XqaGDuvzbVv/ELwm03pkWPBRsSM=,3i5tPbK9AyLhD2kmsrQI+V6E4Ac=
-37,-112,XqaGDuvzbVv/ELwm03pkWPBRsSM=,3i5tPbK9AyLhD2kmsrQI+V6E4Ac=
-36,-112,XqaGDuvzbVv/ELwm03pkWPBRsSM=,3i5tPbK9AyLhD2kmsrQI+V6E4Ac=
-35,-112,ts/S5CA1PKrfet43bSlLr9MHfNM=,3i5tPbK9AyLhD2kmsrQI+V6E4Ac=
-34,-112,ts/S5CA1PKrfet43bSlLr9MHfNM=,3i5tPbK9AyLhD2kmsrQI+V6E4Ac=
-48,-97,ts/S5CA1PKrfet43bSlLr9MHfNM=,sf++LcyTsPjqktK1CpuyVq5bJeA=
-33,-112,ts/S5CA1PKrfet43bSlLr9MHfNM=,3i5tPbK9AyLhD2kmsrQI+V6E4Ac=
-44,-105,ts/S5CA1PKrfet43bSlLr9MHfNM=,b8Ge5ByO3a+N08aDZPqOsDXVFl0=
-44,-110,ts/S5CA1PKrfet43bSlLr9MHfNM=,b8Ge5ByO3a+N08aDZPqOsDXVFl0=
-43,-105,ts/S5CA1PKrfet43bSlLr9MHfNM=,b8Ge5ByO3a+N08aDZPqOsDXVFl0=
-42,-105,ts/S5CA1PKrfet43bSlLr9MHfNM=,b8Ge5ByO3a+N08aDZPqOsDXVFl0=
-43,-110,ts/S5CA1PKrfet43bSlLr9MHfNM=,b8Ge5ByO3a+N08aDZPqOsDXVFl0=
-42,-110,ts/S5CA1PKrfet43bSlLr9MHfNM=,b8Ge5ByO3a+N08aDZPqOsDXVFl0=
-48,-104,ts/S5CA1PKrfet43bSlLr9MHfNM=,sf++LcyTsPjqktK1CpuyVq5bJeA=
-47,-104,ts/S5CA1PKrfet43bSlLr9MHfNM=,sf++LcyTsPjqktK1CpuyVq5bJeA=
-46,-111,ts/S5CA1PKrfet43bSlLr9MHfNM=,b8Ge5ByO3a+N08aDZPqOsDXVFl0=
-46,-104,ts/S5CA1PKrfet43bSlLr9MHfNM=,sf++LcyTsPjqktK1CpuyVq5bJeA=
-45,-104,ts/S5CA1PKrfet43bSlLr9MHfNM=,sf++LcyTsPjqktK1CpuyVq5bJeA=
-41,-110,ts/S5CA1PKrfet43bSlLr9MHfNM=,b8Ge5ByO3a+N08aDZPqOsDXVFl0=
-42,-106,ts/S5CA1PKrfet43bSlLr9MHfNM=,b8Ge5ByO3a+N08aDZPqOsDXVFl0=
-44,-104,ts/S5CA1PKrfet43bSlLr9MHfNM=,sf++LcyTsPjqktK1CpuyVq5bJeA=
-43,-104,ts/S5CA1PKrfet43bSlLr9MHfNM=,sf++LcyTsPjqktK1CpuyVq5bJeA=
-42,-104,ts/S5CA1PKrfet43bSlLr9MHfNM=,sf++LcyTsPjqktK1CpuyVq5bJeA=
-46,-112,ts/S5CA1PKrfet43bSlLr9MHfNM=,b8Ge5ByO3a+N08aDZPqOsDXVFl0=
-44,-109,ts/S5CA1PKrfet43bSlLr9MHfNM=,b8Ge5ByO3a+N08aDZPqOsDXVFl0=
-43,-109,ts/S5CA1PKrfet43bSlLr9MHfNM=,b8Ge5ByO3a+N08aDZPqOsDXVFl0=
-40,-108,ts/S5CA1PKrfet43bSlLr9MHfNM=,3i5tPbK9AyLhD2kmsrQI+V6E4Ac=
-46,-107,ts/S5CA1PKrfet43bSlLr9MHfNM=,b8Ge5ByO3a+N08aDZPqOsDXVFl0=
-48,-109,ts/S5CA1PKrfet43bSlLr9MHfNM=,b8Ge5ByO3a+N08aDZPqOsDXVFl0=
-42,-109,ts/S5CA1PKrfet43bSlLr9MHfNM=,b8Ge5ByO3a+N08aDZPqOsDXVFl0=
-47,-109,ts/S5CA1PKrfet43bSlLr9MHfNM=,b8Ge5ByO3a+N08aDZPqOsDXVFl0=
-41,-109,ts/S5CA1PKrfet43bSlLr9MHfNM=,b8Ge5ByO3a+N08aDZPqOsDXVFl0=
-48,-108,ts/S5CA1PKrfet43bSlLr9MHfNM=,b8Ge5ByO3a+N08aDZPqOsDXVFl0=
-46,-109,ts/S5CA1PKrfet43bSlLr9MHfNM=,b8Ge5ByO3a+N08aDZPqOsDXVFl0=
-41,-106,ts/S5CA1PKrfet43bSlLr9MHfNM=,b8Ge5ByO3a+N08aDZPqOsDXVFl0=
-45,-107,ts/S5CA1PKrfet43bSlLr9MHfNM=,b8Ge5ByO3a+N08aDZPqOsDXVFl0=
-45,-109,ts/S5CA1PKrfet43bSlLr9MHfNM=,b8Ge5ByO3a+N08aDZPqOsDXVFl0=
-45,-112,ts/S5CA1PKrfet43bSlLr9MHfNM=,b8Ge5ByO3a+N08aDZPqOsDXVFl0=
-47,-108,ts/S5CA1PKrfet43bSlLr9MHfNM=,b8Ge5ByO3a+N08aDZPqOsDXVFl0=
-46,-108,ts/S5CA1PKrfet43bSlLr9MHfNM=,b8Ge5ByO3a+N08aDZPqOsDXVFl0=
-44,-108,ts/S5CA1PKrfet43bSlLr9MHfNM=,b8Ge5ByO3a+N08aDZPqOsDXVFl0=
-43,-108,ts/S5CA1PKrfet43bSlLr9MHfNM=,b8Ge5ByO3a+N08aDZPqOsDXVFl0=
-44,-107,ts/S5CA1PKrfet43bSlLr9MHfNM=,b8Ge5ByO3a+N08aDZPqOsDXVFl0=
-43,-107,ts/S5CA1PKrfet43bSlLr9MHfNM=,b8Ge5ByO3a+N08aDZPqOsDXVFl0=
-45,-108,ts/S5CA1PKrfet43bSlLr9MHfNM=,b8Ge5ByO3a+N08aDZPqOsDXVFl0=
-44,-112,ts/S5CA1PKrfet43bSlLr9MHfNM=,b8Ge5ByO3a+N08aDZPqOsDXVFl0=
-42,-108,ts/S5CA1PKrfet43bSlLr9MHfNM=,b8Ge5ByO3a+N08aDZPqOsDXVFl0=
-41,-108,ts/S5CA1PKrfet43bSlLr9MHfNM=,b8Ge5ByO3a+N08aDZPqOsDXVFl0=
-40,-107,ts/S5CA1PKrfet43bSlLr9MHfNM=,3i5tPbK9AyLhD2kmsrQI+V6E4Ac=
-48,-107,ts/S5CA1PKrfet43bSlLr9MHfNM=,b8Ge5ByO3a+N08aDZPqOsDXVFl0=
-40,-112,ts/S5CA1PKrfet43bSlLr9MHfNM=,3i5tPbK9AyLhD2kmsrQI+V6E4Ac=
-47,-107,ts/S5CA1PKrfet43bSlLr9MHfNM=,b8Ge5ByO3a+N08aDZPqOsDXVFl0=
-48,-112,ts/S5CA1PKrfet43bSlLr9MHfNM=,b8Ge5ByO3a+N08aDZPqOsDXVFl0=
-43,-112,ts/S5CA1PKrfet43bSlLr9MHfNM=,b8Ge5ByO3a+N08aDZPqOsDXVFl0=
-42,-112,ts/S5CA1PKrfet43bSlLr9MHfNM=,b8Ge5ByO3a+N08aDZPqOsDXVFl0=
-48,-105,ts/S5CA1PKrfet43bSlLr9MHfNM=,b8Ge5ByO3a+N08aDZPqOsDXVFl0=
-40,-111,ts/S5CA1PKrfet43bSlLr9MHfNM=,3i5tPbK9AyLhD2kmsrQI+V6E4Ac=
-40,-106,ts/S5CA1PKrfet43bSlLr9MHfNM=,3i5tPbK9AyLhD2kmsrQI+V6E4Ac=
-42,-107,ts/S5CA1PKrfet43bSlLr9MHfNM=,b8Ge5ByO3a+N08aDZPqOsDXVFl0=
-47,-105,ts/S5CA1PKrfet43bSlLr9MHfNM=,b8Ge5ByO3a+N08aDZPqOsDXVFl0=
-41,-112,ts/S5CA1PKrfet43bSlLr9MHfNM=,b8Ge5ByO3a+N08aDZPqOsDXVFl0=
-45,-111,ts/S5CA1PKrfet43bSlLr9MHfNM=,b8Ge5ByO3a+N08aDZPqOsDXVFl0=
-40,-110,ts/S5CA1PKrfet43bSlLr9MHfNM=,3i5tPbK9AyLhD2kmsrQI+V6E4Ac=
-48,-106,ts/S5CA1PKrfet43bSlLr9MHfNM=,b8Ge5ByO3a+N08aDZPqOsDXVFl0=
-48,-111,ts/S5CA1PKrfet43bSlLr9MHfNM=,b8Ge5ByO3a+N08aDZPqOsDXVFl0=
-44,-111,ts/S5CA1PKrfet43bSlLr9MHfNM=,b8Ge5ByO3a+N08aDZPqOsDXVFl0=
-47,-106,ts/S5CA1PKrfet43bSlLr9MHfNM=,b8Ge5ByO3a+N08aDZPqOsDXVFl0=
-43,-111,ts/S5CA1PKrfet43bSlLr9MHfNM=,b8Ge5ByO3a+N08aDZPqOsDXVFl0=
-46,-105,ts/S5CA1PKrfet43bSlLr9MHfNM=,b8Ge5ByO3a+N08aDZPqOsDXVFl0=
-45,-105,ts/S5CA1PKrfet43bSlLr9MHfNM=,b8Ge5ByO3a+N08aDZPqOsDXVFl0=
-46,-106,ts/S5CA1PKrfet43bSlLr9MHfNM=,b8Ge5ByO3a+N08aDZPqOsDXVFl0=
-45,-106,ts/S5CA1PKrfet43bSlLr9MHfNM=,b8Ge5ByO3a+N08aDZPqOsDXVFl0=
-42,-111,ts/S5CA1PKrfet43bSlLr9MHfNM=,b8Ge5ByO3a+N08aDZPqOsDXVFl0=
-41,-111,ts/S5CA1PKrfet43bSlLr9MHfNM=,b8Ge5ByO3a+N08aDZPqOsDXVFl0=
-41,-107,ts/S5CA1PKrfet43bSlLr9MHfNM=,b8Ge5ByO3a+N08aDZPqOsDXVFl0=
-48,-110,ts/S5CA1PKrfet43bSlLr9MHfNM=,b8Ge5ByO3a+N08aDZPqOsDXVFl0=
-44,-106,ts/S5CA1PKrfet43bSlLr9MHfNM=,b8Ge5ByO3a+N08aDZPqOsDXVFl0=
-43,-106,ts/S5CA1PKrfet43bSlLr9MHfNM=,b8Ge5ByO3a+N08aDZPqOsDXVFl0=
-47,-110,ts/S5CA1PKrfet43bSlLr9MHfNM=,b8Ge5ByO3a+N08aDZPqOsDXVFl0=
-40,-109,ts/S5CA1PKrfet43bSlLr9MHfNM=,3i5tPbK9AyLhD2kmsrQI+V6E4Ac=
-46,-110,ts/S5CA1PKrfet43bSlLr9MHfNM=,b8Ge5ByO3a+N08aDZPqOsDXVFl0=
-45,-110,ts/S5CA1PKrfet43bSlLr9MHfNM=,b8Ge5ByO3a+N08aDZPqOsDXVFl0=
-47,-112,ts/S5CA1PKrfet43bSlLr9MHfNM=,b8Ge5ByO3a+N08aDZPqOsDXVFl0=
-47,-111,ts/S5CA1PKrfet43bSlLr9MHfNM=,b8Ge5ByO3a+N08aDZPqOsDXVFl0=
-36,-99,ts/S5CA1PKrfet43bSlLr9MHfNM=,Czzjdc1yPS0LKHfoD32A3jGXp9c=
-35,-99,ts/S5CA1PKrfet43bSlLr9MHfNM=,Czzjdc1yPS0LKHfoD32A3jGXp9c=
-34,-99,ts/S5CA1PKrfet43bSlLr9MHfNM=,Czzjdc1yPS0LKHfoD32A3jGXp9c=
-41,-105,ts/S5CA1PKrfet43bSlLr9MHfNM=,b8Ge5ByO3a+N08aDZPqOsDXVFl0=
-41,-104,ts/S5CA1PKrfet43bSlLr9MHfNM=,sf++LcyTsPjqktK1CpuyVq5bJeA=
-41,-97,ts/S5CA1PKrfet43bSlLr9MHfNM=,sf++LcyTsPjqktK1CpuyVq5bJeA=
-41,-103,ts/S5CA1PKrfet43bSlLr9MHfNM=,sf++LcyTsPjqktK1CpuyVq5bJeA=
-33,-99,ts/S5CA1PKrfet43bSlLr9MHfNM=,Czzjdc1yPS0LKHfoD32A3jGXp9c=
-40,-98,ts/S5CA1PKrfet43bSlLr9MHfNM=,Czzjdc1yPS0LKHfoD32A3jGXp9c=
-39,-98,ts/S5CA1PKrfet43bSlLr9MHfNM=,Czzjdc1yPS0LKHfoD32A3jGXp9c=
-40,-104,ts/S5CA1PKrfet43bSlLr9MHfNM=,Czzjdc1yPS0LKHfoD32A3jGXp9c=
-38,-98,ts/S5CA1PKrfet43bSlLr9MHfNM=,Czzjdc1yPS0LKHfoD32A3jGXp9c=
-39,-104,ts/S5CA1PKrfet43bSlLr9MHfNM=,Czzjdc1yPS0LKHfoD32A3jGXp9c=
-38,-104,ts/S5CA1PKrfet43bSlLr9MHfNM=,Czzjdc1yPS0LKHfoD32A3jGXp9c=
-37,-104,ts/S5CA1PKrfet43bSlLr9MHfNM=,Czzjdc1yPS0LKHfoD32A3jGXp9c=
-41,-102,ts/S5CA1PKrfet43bSlLr9MHfNM=,sf++LcyTsPjqktK1CpuyVq5bJeA=
-36,-104,ts/S5CA1PKrfet43bSlLr9MHfNM=,Czzjdc1yPS0LKHfoD32A3jGXp9c=
-35,-104,ts/S5CA1PKrfet43bSlLr9MHfNM=,Czzjdc1yPS0LKHfoD32A3jGXp9c=
-34,-104,ts/S5CA1PKrfet43bSlLr9MHfNM=,Czzjdc1yPS0LKHfoD32A3jGXp9c=
-33,-104,ts/S5CA1PKrfet43bSlLr9MHfNM=,Czzjdc1yPS0LKHfoD32A3jGXp9c=
-41,-101,ts/S5CA1PKrfet43bSlLr9MHfNM=,sf++LcyTsPjqktK1CpuyVq5bJeA=
-40,-103,ts/S5CA1PKrfet43bSlLr9MHfNM=,Czzjdc1yPS0LKHfoD32A3jGXp9c=
-39,-103,ts/S5CA1PKrfet43bSlLr9MHfNM=,Czzjdc1yPS0LKHfoD32A3jGXp9c=
-38,-103,ts/S5CA1PKrfet43bSlLr9MHfNM=,Czzjdc1yPS0LKHfoD32A3jGXp9c=
-37,-103,ts/S5CA1PKrfet43bSlLr9MHfNM=,Czzjdc1yPS0LKHfoD32A3jGXp9c=
-37,-98,ts/S5CA1PKrfet43bSlLr9MHfNM=,Czzjdc1yPS0LKHfoD32A3jGXp9c=
-36,-98,ts/S5CA1PKrfet43bSlLr9MHfNM=,Czzjdc1yPS0LKHfoD32A3jGXp9c=
-41,-100,ts/S5CA1PKrfet43bSlLr9MHfNM=,sf++LcyTsPjqktK1CpuyVq5bJeA=
-36,-103,ts/S5CA1PKrfet43bSlLr9MHfNM=,Czzjdc1yPS0LKHfoD32A3jGXp9c=
-35,-103,ts/S5CA1PKrfet43bSlLr9MHfNM=,Czzjdc1yPS0LKHfoD32A3jGXp9c=
-34,-103,ts/S5CA1PKrfet43bSlLr9MHfNM=,Czzjdc1yPS0LKHfoD32A3jGXp9c=
-35,-98,ts/S5CA1PKrfet43bSlLr9MHfNM=,Czzjdc1yPS0LKHfoD32A3jGXp9c=
-33,-103,ts/S5CA1PKrfet43bSlLr9MHfNM=,Czzjdc1yPS0LKHfoD32A3jGXp9c=
-34,-98,ts/S5CA1PKrfet43bSlLr9MHfNM=,Czzjdc1yPS0LKHfoD32A3jGXp9c=
-33,-98,ts/S5CA1PKrfet43bSlLr9MHfNM=,Czzjdc1yPS0LKHfoD32A3jGXp9c=
-40,-102,ts/S5CA1PKrfet43bSlLr9MHfNM=,Czzjdc1yPS0LKHfoD32A3jGXp9c=
-40,-97,ts/S5CA1PKrfet43bSlLr9MHfNM=,Czzjdc1yPS0LKHfoD32A3jGXp9c=
-39,-97,ts/S5CA1PKrfet43bSlLr9MHfNM=,Czzjdc1yPS0LKHfoD32A3jGXp9c=
-39,-102,ts/S5CA1PKrfet43bSlLr9MHfNM=,Czzjdc1yPS0LKHfoD32A3jGXp9c=
-38,-97,ts/S5CA1PKrfet43bSlLr9MHfNM=,Czzjdc1yPS0LKHfoD32A3jGXp9c=
-37,-97,ts/S5CA1PKrfet43bSlLr9MHfNM=,Czzjdc1yPS0LKHfoD32A3jGXp9c=
-36,-97,ts/S5CA1PKrfet43bSlLr9MHfNM=,Czzjdc1yPS0LKHfoD32A3jGXp9c=
-35,-97,ts/S5CA1PKrfet43bSlLr9MHfNM=,Czzjdc1yPS0LKHfoD32A3jGXp9c=
-34,-97,ts/S5CA1PKrfet43bSlLr9MHfNM=,Czzjdc1yPS0LKHfoD32A3jGXp9c=
-38,-102,ts/S5CA1PKrfet43bSlLr9MHfNM=,Czzjdc1yPS0LKHfoD32A3jGXp9c=
-37,-102,ts/S5CA1PKrfet43bSlLr9MHfNM=,Czzjdc1yPS0LKHfoD32A3jGXp9c=
-33,-97,ts/S5CA1PKrfet43bSlLr9MHfNM=,Czzjdc1yPS0LKHfoD32A3jGXp9c=
-36,-102,ts/S5CA1PKrfet43bSlLr9MHfNM=,Czzjdc1yPS0LKHfoD32A3jGXp9c=
-35,-102,ts/S5CA1PKrfet43bSlLr9MHfNM=,Czzjdc1yPS0LKHfoD32A3jGXp9c=
-34,-102,ts/S5CA1PKrfet43bSlLr9MHfNM=,Czzjdc1yPS0LKHfoD32A3jGXp9c=
-33,-102,ts/S5CA1PKrfet43bSlLr9MHfNM=,Czzjdc1yPS0LKHfoD32A3jGXp9c=
-40,-101,ts/S5CA1PKrfet43bSlLr9MHfNM=,Czzjdc1yPS0LKHfoD32A3jGXp9c=
-41,-99,ts/S5CA1PKrfet43bSlLr9MHfNM=,sf++LcyTsPjqktK1CpuyVq5bJeA=
-39,-101,ts/S5CA1PKrfet43bSlLr9MHfNM=,Czzjdc1yPS0LKHfoD32A3jGXp9c=
-38,-101,ts/S5CA1PKrfet43bSlLr9MHfNM=,Czzjdc1yPS0LKHfoD32A3jGXp9c=
-37,-101,ts/S5CA1PKrfet43bSlLr9MHfNM=,Czzjdc1yPS0LKHfoD32A3jGXp9c=
-36,-101,ts/S5CA1PKrfet43bSlLr9MHfNM=,Czzjdc1yPS0LKHfoD32A3jGXp9c=
-35,-101,ts/S5CA1PKrfet43bSlLr9MHfNM=,Czzjdc1yPS0LKHfoD32A3jGXp9c=
-34,-101,ts/S5CA1PKrfet43bSlLr9MHfNM=,Czzjdc1yPS0LKHfoD32A3jGXp9c=
-33,-101,ts/S5CA1PKrfet43bSlLr9MHfNM=,Czzjdc1yPS0LKHfoD32A3jGXp9c=
-40,-100,ts/S5CA1PKrfet43bSlLr9MHfNM=,Czzjdc1yPS0LKHfoD32A3jGXp9c=
-40,-105,ts/S5CA1PKrfet43bSlLr9MHfNM=,3i5tPbK9AyLhD2kmsrQI+V6E4Ac=
-39,-100,ts/S5CA1PKrfet43bSlLr9MHfNM=,Czzjdc1yPS0LKHfoD32A3jGXp9c=
-39,-105,ts/S5CA1PKrfet43bSlLr9MHfNM=,3i5tPbK9AyLhD2kmsrQI+V6E4Ac=
-38,-100,ts/S5CA1PKrfet43bSlLr9MHfNM=,Czzjdc1yPS0LKHfoD32A3jGXp9c=
-38,-105,ts/S5CA1PKrfet43bSlLr9MHfNM=,3i5tPbK9AyLhD2kmsrQI+V6E4Ac=
-37,-105,ts/S5CA1PKrfet43bSlLr9MHfNM=,3i5tPbK9AyLhD2kmsrQI+V6E4Ac=
-37,-100,ts/S5CA1PKrfet43bSlLr9MHfNM=,Czzjdc1yPS0LKHfoD32A3jGXp9c=
-36,-100,ts/S5CA1PKrfet43bSlLr9MHfNM=,Czzjdc1yPS0LKHfoD32A3jGXp9c=
-35,-100,ts/S5CA1PKrfet43bSlLr9MHfNM=,Czzjdc1yPS0LKHfoD32A3jGXp9c=
-36,-105,ts/S5CA1PKrfet43bSlLr9MHfNM=,3i5tPbK9AyLhD2kmsrQI+V6E4Ac=
-34,-100,ts/S5CA1PKrfet43bSlLr9MHfNM=,Czzjdc1yPS0LKHfoD32A3jGXp9c=
-33,-100,ts/S5CA1PKrfet43bSlLr9MHfNM=,Czzjdc1yPS0LKHfoD32A3jGXp9c=
-41,-98,ts/S5CA1PKrfet43bSlLr9MHfNM=,sf++LcyTsPjqktK1CpuyVq5bJeA=
-40,-99,ts/S5CA1PKrfet43bSlLr9MHfNM=,Czzjdc1yPS0LKHfoD32A3jGXp9c=
-39,-99,ts/S5CA1PKrfet43bSlLr9MHfNM=,Czzjdc1yPS0LKHfoD32A3jGXp9c=
-38,-99,ts/S5CA1PKrfet43bSlLr9MHfNM=,Czzjdc1yPS0LKHfoD32A3jGXp9c=
-37,-99,ts/S5CA1PKrfet43bSlLr9MHfNM=,Czzjdc1yPS0LKHfoD32A3jGXp9c=
-35,-105,ts/S5CA1PKrfet43bSlLr9MHfNM=,3i5tPbK9AyLhD2kmsrQI+V6E4Ac=
-34,-105,ts/S5CA1PKrfet43bSlLr9MHfNM=,3i5tPbK9AyLhD2kmsrQI+V6E4Ac=
-33,-105,ts/S5CA1PKrfet43bSlLr9MHfNM=,3i5tPbK9AyLhD2kmsrQI+V6E4Ac=
-37,-109,ts/S5CA1PKrfet43bSlLr9MHfNM=,3i5tPbK9AyLhD2kmsrQI+V6E4Ac=
-38,-109,ts/S5CA1PKrfet43bSlLr9MHfNM=,3i5tPbK9AyLhD2kmsrQI+V6E4Ac=
-39,-109,ts/S5CA1PKrfet43bSlLr9MHfNM=,3i5tPbK9AyLhD2kmsrQI+V6E4Ac=
-33,-110,ts/S5CA1PKrfet43bSlLr9MHfNM=,3i5tPbK9AyLhD2kmsrQI+V6E4Ac=
-34,-110,ts/S5CA1PKrfet43bSlLr9MHfNM=,3i5tPbK9AyLhD2kmsrQI+V6E4Ac=
-35,-110,ts/S5CA1PKrfet43bSlLr9MHfNM=,3i5tPbK9AyLhD2kmsrQI+V6E4Ac=
-36,-110,ts/S5CA1PKrfet43bSlLr9MHfNM=,3i5tPbK9AyLhD2kmsrQI+V6E4Ac=
-37,-110,ts/S5CA1PKrfet43bSlLr9MHfNM=,3i5tPbK9AyLhD2kmsrQI+V6E4Ac=
-38,-110,ts/S5CA1PKrfet43bSlLr9MHfNM=,3i5tPbK9AyLhD2kmsrQI+V6E4Ac=
-39,-110,ts/S5CA1PKrfet43bSlLr9MHfNM=,3i5tPbK9AyLhD2kmsrQI+V6E4Ac=
-33,-106,ts/S5CA1PKrfet43bSlLr9MHfNM=,3i5tPbK9AyLhD2kmsrQI+V6E4Ac=
-42,-124,ts/S5CA1PKrfet43bSlLr9MHfNM=,voDqfZ2g0vsfb+XOX20vA/Con24=
-42,-125,ts/S5CA1PKrfet43bSlLr9MHfNM=,voDqfZ2g0vsfb+XOX20vA/Con24=
-41,-124,ts/S5CA1PKrfet43bSlLr9MHfNM=,voDqfZ2g0vsfb+XOX20vA/Con24=
-48,-123,ts/S5CA1PKrfet43bSlLr9MHfNM=,voDqfZ2g0vsfb+XOX20vA/Con24=
-41,-125,ts/S5CA1PKrfet43bSlLr9MHfNM=,voDqfZ2g0vsfb+XOX20vA/Con24=
-48,-124,ts/S5CA1PKrfet43bSlLr9MHfNM=,voDqfZ2g0vsfb+XOX20vA/Con24=
-47,-124,ts/S5CA1PKrfet43bSlLr9MHfNM=,voDqfZ2g0vsfb+XOX20vA/Con24=
-48,-126,ts/S5CA1PKrfet43bSlLr9MHfNM=,voDqfZ2g0vsfb+XOX20vA/Con24=
-48,-128,ts/S5CA1PKrfet43bSlLr9MHfNM=,voDqfZ2g0vsfb+XOX20vA/Con24=
-47,-126,ts/S5CA1PKrfet43bSlLr9MHfNM=,voDqfZ2g0vsfb+XOX20vA/Con24=
-46,-126,ts/S5CA1PKrfet43bSlLr9MHfNM=,voDqfZ2g0vsfb+XOX20vA/Con24=
-45,-126,ts/S5CA1PKrfet43bSlLr9MHfNM=,voDqfZ2g0vsfb+XOX20vA/Con24=
-44,-126,ts/S5CA1PKrfet43bSlLr9MHfNM=,voDqfZ2g0vsfb+XOX20vA/Con24=
-43,-126,ts/S5CA1PKrfet43bSlLr9MHfNM=,voDqfZ2g0vsfb+XOX20vA/Con24=
-42,-126,ts/S5CA1PKrfet43bSlLr9MHfNM=,voDqfZ2g0vsfb+XOX20vA/Con24=
-47,-128,ts/S5CA1PKrfet43bSlLr9MHfNM=,voDqfZ2g0vsfb+XOX20vA/Con24=
-44,-117,ts/S5CA1PKrfet43bSlLr9MHfNM=,iyMrhfWGj7JB8cJE7noA7IkFggo=
-43,-117,ts/S5CA1PKrfet43bSlLr9MHfNM=,iyMrhfWGj7JB8cJE7noA7IkFggo=
-42,-117,ts/S5CA1PKrfet43bSlLr9MHfNM=,iyMrhfWGj7JB8cJE7noA7IkFggo=
-41,-117,ts/S5CA1PKrfet43bSlLr9MHfNM=,iyMrhfWGj7JB8cJE7noA7IkFggo=
-48,-116,ts/S5CA1PKrfet43bSlLr9MHfNM=,iyMrhfWGj7JB8cJE7noA7IkFggo=
-47,-116,ts/S5CA1PKrfet43bSlLr9MHfNM=,iyMrhfWGj7JB8cJE7noA7IkFggo=
-46,-116,ts/S5CA1PKrfet43bSlLr9MHfNM=,iyMrhfWGj7JB8cJE7noA7IkFggo=
-45,-116,ts/S5CA1PKrfet43bSlLr9MHfNM=,iyMrhfWGj7JB8cJE7noA7IkFggo=
-44,-116,ts/S5CA1PKrfet43bSlLr9MHfNM=,iyMrhfWGj7JB8cJE7noA7IkFggo=
-48,-121,ts/S5CA1PKrfet43bSlLr9MHfNM=,voDqfZ2g0vsfb+XOX20vA/Con24=
-47,-121,ts/S5CA1PKrfet43bSlLr9MHfNM=,voDqfZ2g0vsfb+XOX20vA/Con24=
-46,-121,ts/S5CA1PKrfet43bSlLr9MHfNM=,voDqfZ2g0vsfb+XOX20vA/Con24=
-45,-121,ts/S5CA1PKrfet43bSlLr9MHfNM=,voDqfZ2g0vsfb+XOX20vA/Con24=
-43,-116,ts/S5CA1PKrfet43bSlLr9MHfNM=,iyMrhfWGj7JB8cJE7noA7IkFggo=
-44,-121,ts/S5CA1PKrfet43bSlLr9MHfNM=,voDqfZ2g0vsfb+XOX20vA/Con24=
-43,-121,ts/S5CA1PKrfet43bSlLr9MHfNM=,voDqfZ2g0vsfb+XOX20vA/Con24=
-42,-121,ts/S5CA1PKrfet43bSlLr9MHfNM=,voDqfZ2g0vsfb+XOX20vA/Con24=
-41,-121,ts/S5CA1PKrfet43bSlLr9MHfNM=,voDqfZ2g0vsfb+XOX20vA/Con24=
-48,-120,ts/S5CA1PKrfet43bSlLr9MHfNM=,iyMrhfWGj7JB8cJE7noA7IkFggo=
-47,-120,ts/S5CA1PKrfet43bSlLr9MHfNM=,iyMrhfWGj7JB8cJE7noA7IkFggo=
-46,-120,ts/S5CA1PKrfet43bSlLr9MHfNM=,iyMrhfWGj7JB8cJE7noA7IkFggo=
-45,-120,ts/S5CA1PKrfet43bSlLr9MHfNM=,iyMrhfWGj7JB8cJE7noA7IkFggo=
-44,-120,ts/S5CA1PKrfet43bSlLr9MHfNM=,iyMrhfWGj7JB8cJE7noA7IkFggo=
-43,-120,ts/S5CA1PKrfet43bSlLr9MHfNM=,iyMrhfWGj7JB8cJE7noA7IkFggo=
-42,-120,ts/S5CA1PKrfet43bSlLr9MHfNM=,iyMrhfWGj7JB8cJE7noA7IkFggo=
-41,-120,ts/S5CA1PKrfet43bSlLr9MHfNM=,iyMrhfWGj7JB8cJE7noA7IkFggo=
-48,-119,ts/S5CA1PKrfet43bSlLr9MHfNM=,iyMrhfWGj7JB8cJE7noA7IkFggo=
-47,-119,ts/S5CA1PKrfet43bSlLr9MHfNM=,iyMrhfWGj7JB8cJE7noA7IkFggo=
-42,-116,ts/S5CA1PKrfet43bSlLr9MHfNM=,iyMrhfWGj7JB8cJE7noA7IkFggo=
-41,-116,ts/S5CA1PKrfet43bSlLr9MHfNM=,iyMrhfWGj7JB8cJE7noA7IkFggo=
-46,-119,ts/S5CA1PKrfet43bSlLr9MHfNM=,iyMrhfWGj7JB8cJE7noA7IkFggo=
-45,-119,ts/S5CA1PKrfet43bSlLr9MHfNM=,iyMrhfWGj7JB8cJE7noA7IkFggo=
-44,-119,ts/S5CA1PKrfet43bSlLr9MHfNM=,iyMrhfWGj7JB8cJE7noA7IkFggo=
-43,-119,ts/S5CA1PKrfet43bSlLr9MHfNM=,iyMrhfWGj7JB8cJE7noA7IkFggo=
-42,-119,ts/S5CA1PKrfet43bSlLr9MHfNM=,iyMrhfWGj7JB8cJE7noA7IkFggo=
-48,-115,ts/S5CA1PKrfet43bSlLr9MHfNM=,iyMrhfWGj7JB8cJE7noA7IkFggo=
-48,-118,ts/S5CA1PKrfet43bSlLr9MHfNM=,iyMrhfWGj7JB8cJE7noA7IkFggo=
-41,-119,ts/S5CA1PKrfet43bSlLr9MHfNM=,iyMrhfWGj7JB8cJE7noA7IkFggo=
-47,-115,ts/S5CA1PKrfet43bSlLr9MHfNM=,iyMrhfWGj7JB8cJE7noA7IkFggo=
-46,-115,ts/S5CA1PKrfet43bSlLr9MHfNM=,iyMrhfWGj7JB8cJE7noA7IkFggo=
-45,-115,ts/S5CA1PKrfet43bSlLr9MHfNM=,iyMrhfWGj7JB8cJE7noA7IkFggo=
-47,-118,ts/S5CA1PKrfet43bSlLr9MHfNM=,iyMrhfWGj7JB8cJE7noA7IkFggo=
-44,-115,ts/S5CA1PKrfet43bSlLr9MHfNM=,iyMrhfWGj7JB8cJE7noA7IkFggo=
-43,-115,ts/S5CA1PKrfet43bSlLr9MHfNM=,iyMrhfWGj7JB8cJE7noA7IkFggo=
-42,-115,ts/S5CA1PKrfet43bSlLr9MHfNM=,iyMrhfWGj7JB8cJE7noA7IkFggo=
-46,-118,ts/S5CA1PKrfet43bSlLr9MHfNM=,iyMrhfWGj7JB8cJE7noA7IkFggo=
-41,-115,ts/S5CA1PKrfet43bSlLr9MHfNM=,iyMrhfWGj7JB8cJE7noA7IkFggo=
-45,-118,ts/S5CA1PKrfet43bSlLr9MHfNM=,iyMrhfWGj7JB8cJE7noA7IkFggo=
-48,-114,ts/S5CA1PKrfet43bSlLr9MHfNM=,iyMrhfWGj7JB8cJE7noA7IkFggo=
-47,-114,ts/S5CA1PKrfet43bSlLr9MHfNM=,iyMrhfWGj7JB8cJE7noA7IkFggo=
-46,-114,ts/S5CA1PKrfet43bSlLr9MHfNM=,iyMrhfWGj7JB8cJE7noA7IkFggo=
-45,-114,ts/S5CA1PKrfet43bSlLr9MHfNM=,iyMrhfWGj7JB8cJE7noA7IkFggo=
-44,-114,ts/S5CA1PKrfet43bSlLr9MHfNM=,iyMrhfWGj7JB8cJE7noA7IkFggo=
-44,-118,ts/S5CA1PKrfet43bSlLr9MHfNM=,iyMrhfWGj7JB8cJE7noA7IkFggo=
-43,-118,ts/S5CA1PKrfet43bSlLr9MHfNM=,iyMrhfWGj7JB8cJE7noA7IkFggo=
-43,-114,ts/S5CA1PKrfet43bSlLr9MHfNM=,iyMrhfWGj7JB8cJE7noA7IkFggo=
-42,-114,ts/S5CA1PKrfet43bSlLr9MHfNM=,iyMrhfWGj7JB8cJE7noA7IkFggo=
-42,-118,ts/S5CA1PKrfet43bSlLr9MHfNM=,iyMrhfWGj7JB8cJE7noA7IkFggo=
-41,-118,ts/S5CA1PKrfet43bSlLr9MHfNM=,iyMrhfWGj7JB8cJE7noA7IkFggo=
-48,-117,ts/S5CA1PKrfet43bSlLr9MHfNM=,iyMrhfWGj7JB8cJE7noA7IkFggo=
-41,-114,ts/S5CA1PKrfet43bSlLr9MHfNM=,iyMrhfWGj7JB8cJE7noA7IkFggo=
-47,-117,ts/S5CA1PKrfet43bSlLr9MHfNM=,iyMrhfWGj7JB8cJE7noA7IkFggo=
-48,-113,ts/S5CA1PKrfet43bSlLr9MHfNM=,iyMrhfWGj7JB8cJE7noA7IkFggo=
-47,-113,ts/S5CA1PKrfet43bSlLr9MHfNM=,iyMrhfWGj7JB8cJE7noA7IkFggo=
-46,-117,ts/S5CA1PKrfet43bSlLr9MHfNM=,iyMrhfWGj7JB8cJE7noA7IkFggo=
-46,-113,ts/S5CA1PKrfet43bSlLr9MHfNM=,iyMrhfWGj7JB8cJE7noA7IkFggo=
-45,-113,ts/S5CA1PKrfet43bSlLr9MHfNM=,iyMrhfWGj7JB8cJE7noA7IkFggo=
-44,-113,ts/S5CA1PKrfet43bSlLr9MHfNM=,iyMrhfWGj7JB8cJE7noA7IkFggo=
-45,-117,ts/S5CA1PKrfet43bSlLr9MHfNM=,iyMrhfWGj7JB8cJE7noA7IkFggo=
-43,-113,ts/S5CA1PKrfet43bSlLr9MHfNM=,iyMrhfWGj7JB8cJE7noA7IkFggo=
-42,-113,ts/S5CA1PKrfet43bSlLr9MHfNM=,iyMrhfWGj7JB8cJE7noA7IkFggo=
-41,-113,ts/S5CA1PKrfet43bSlLr9MHfNM=,iyMrhfWGj7JB8cJE7noA7IkFggo=
-44,-123,ts/S5CA1PKrfet43bSlLr9MHfNM=,voDqfZ2g0vsfb+XOX20vA/Con24=
-43,-123,ts/S5CA1PKrfet43bSlLr9MHfNM=,voDqfZ2g0vsfb+XOX20vA/Con24=
-42,-123,ts/S5CA1PKrfet43bSlLr9MHfNM=,voDqfZ2g0vsfb+XOX20vA/Con24=
-41,-123,ts/S5CA1PKrfet43bSlLr9MHfNM=,voDqfZ2g0vsfb+XOX20vA/Con24=
-44,-128,ts/S5CA1PKrfet43bSlLr9MHfNM=,voDqfZ2g0vsfb+XOX20vA/Con24=
-48,-122,ts/S5CA1PKrfet43bSlLr9MHfNM=,voDqfZ2g0vsfb+XOX20vA/Con24=
-47,-122,ts/S5CA1PKrfet43bSlLr9MHfNM=,voDqfZ2g0vsfb+XOX20vA/Con24=
-46,-122,ts/S5CA1PKrfet43bSlLr9MHfNM=,voDqfZ2g0vsfb+XOX20vA/Con24=
-45,-122,ts/S5CA1PKrfet43bSlLr9MHfNM=,voDqfZ2g0vsfb+XOX20vA/Con24=
-46,-127,ts/S5CA1PKrfet43bSlLr9MHfNM=,voDqfZ2g0vsfb+XOX20vA/Con24=
-44,-122,ts/S5CA1PKrfet43bSlLr9MHfNM=,voDqfZ2g0vsfb+XOX20vA/Con24=
-43,-122,ts/S5CA1PKrfet43bSlLr9MHfNM=,voDqfZ2g0vsfb+XOX20vA/Con24=
-42,-122,ts/S5CA1PKrfet43bSlLr9MHfNM=,voDqfZ2g0vsfb+XOX20vA/Con24=
-41,-122,ts/S5CA1PKrfet43bSlLr9MHfNM=,voDqfZ2g0vsfb+XOX20vA/Con24=
-45,-127,ts/S5CA1PKrfet43bSlLr9MHfNM=,voDqfZ2g0vsfb+XOX20vA/Con24=
-43,-128,ts/S5CA1PKrfet43bSlLr9MHfNM=,voDqfZ2g0vsfb+XOX20vA/Con24=
-44,-127,ts/S5CA1PKrfet43bSlLr9MHfNM=,voDqfZ2g0vsfb+XOX20vA/Con24=
-43,-127,ts/S5CA1PKrfet43bSlLr9MHfNM=,voDqfZ2g0vsfb+XOX20vA/Con24=
-42,-128,ts/S5CA1PKrfet43bSlLr9MHfNM=,voDqfZ2g0vsfb+XOX20vA/Con24=
-41,-128,ts/S5CA1PKrfet43bSlLr9MHfNM=,voDqfZ2g0vsfb+XOX20vA/Con24=
-48,-127,ts/S5CA1PKrfet43bSlLr9MHfNM=,voDqfZ2g0vsfb+XOX20vA/Con24=
-48,-125,ts/S5CA1PKrfet43bSlLr9MHfNM=,voDqfZ2g0vsfb+XOX20vA/Con24=
-47,-125,ts/S5CA1PKrfet43bSlLr9MHfNM=,voDqfZ2g0vsfb+XOX20vA/Con24=
-46,-125,ts/S5CA1PKrfet43bSlLr9MHfNM=,voDqfZ2g0vsfb+XOX20vA/Con24=
-45,-125,ts/S5CA1PKrfet43bSlLr9MHfNM=,voDqfZ2g0vsfb+XOX20vA/Con24=
-44,-125,ts/S5CA1PKrfet43bSlLr9MHfNM=,voDqfZ2g0vsfb+XOX20vA/Con24=
-41,-126,ts/S5CA1PKrfet43bSlLr9MHfNM=,voDqfZ2g0vsfb+XOX20vA/Con24=
-47,-127,ts/S5CA1PKrfet43bSlLr9MHfNM=,voDqfZ2g0vsfb+XOX20vA/Con24=
-42,-127,ts/S5CA1PKrfet43bSlLr9MHfNM=,voDqfZ2g0vsfb+XOX20vA/Con24=
-46,-128,ts/S5CA1PKrfet43bSlLr9MHfNM=,voDqfZ2g0vsfb+XOX20vA/Con24=
-45,-128,ts/S5CA1PKrfet43bSlLr9MHfNM=,voDqfZ2g0vsfb+XOX20vA/Con24=
-47,-123,ts/S5CA1PKrfet43bSlLr9MHfNM=,voDqfZ2g0vsfb+XOX20vA/Con24=
-46,-123,ts/S5CA1PKrfet43bSlLr9MHfNM=,voDqfZ2g0vsfb+XOX20vA/Con24=
-41,-127,ts/S5CA1PKrfet43bSlLr9MHfNM=,voDqfZ2g0vsfb+XOX20vA/Con24=
-46,-124,ts/S5CA1PKrfet43bSlLr9MHfNM=,voDqfZ2g0vsfb+XOX20vA/Con24=
-45,-124,ts/S5CA1PKrfet43bSlLr9MHfNM=,voDqfZ2g0vsfb+XOX20vA/Con24=
-44,-124,ts/S5CA1PKrfet43bSlLr9MHfNM=,voDqfZ2g0vsfb+XOX20vA/Con24=
-43,-125,ts/S5CA1PKrfet43bSlLr9MHfNM=,voDqfZ2g0vsfb+XOX20vA/Con24=
-43,-124,ts/S5CA1PKrfet43bSlLr9MHfNM=,voDqfZ2g0vsfb+XOX20vA/Con24=
-45,-123,ts/S5CA1PKrfet43bSlLr9MHfNM=,voDqfZ2g0vsfb+XOX20vA/Con24=
-50,-122,YyX3OLMVRRwEizImYMXXgErLwKA=,MFJTaWH0hXJ4c18V3hQ7f+8tKEE=
-53,-121,YyX3OLMVRRwEizImYMXXgErLwKA=,MFJTaWH0hXJ4c18V3hQ7f+8tKEE=
-54,-121,YyX3OLMVRRwEizImYMXXgErLwKA=,MFJTaWH0hXJ4c18V3hQ7f+8tKEE=
-51,-122,YyX3OLMVRRwEizImYMXXgErLwKA=,MFJTaWH0hXJ4c18V3hQ7f+8tKEE=
-52,-122,YyX3OLMVRRwEizImYMXXgErLwKA=,MFJTaWH0hXJ4c18V3hQ7f+8tKEE=
-55,-121,YyX3OLMVRRwEizImYMXXgErLwKA=,MFJTaWH0hXJ4c18V3hQ7f+8tKEE=
-53,-122,YyX3OLMVRRwEizImYMXXgErLwKA=,MFJTaWH0hXJ4c18V3hQ7f+8tKEE=
-54,-122,YyX3OLMVRRwEizImYMXXgErLwKA=,MFJTaWH0hXJ4c18V3hQ7f+8tKEE=
-55,-122,YyX3OLMVRRwEizImYMXXgErLwKA=,MFJTaWH0hXJ4c18V3hQ7f+8tKEE=
-56,-122,YyX3OLMVRRwEizImYMXXgErLwKA=,MFJTaWH0hXJ4c18V3hQ7f+8tKEE=
-51,-123,YyX3OLMVRRwEizImYMXXgErLwKA=,MFJTaWH0hXJ4c18V3hQ7f+8tKEE=
-55,-124,YyX3OLMVRRwEizImYMXXgErLwKA=,MFJTaWH0hXJ4c18V3hQ7f+8tKEE=
-49,-123,YyX3OLMVRRwEizImYMXXgErLwKA=,MFJTaWH0hXJ4c18V3hQ7f+8tKEE=
-49,-124,YyX3OLMVRRwEizImYMXXgErLwKA=,MFJTaWH0hXJ4c18V3hQ7f+8tKEE=
-50,-123,YyX3OLMVRRwEizImYMXXgErLwKA=,MFJTaWH0hXJ4c18V3hQ7f+8tKEE=
-55,-126,YyX3OLMVRRwEizImYMXXgErLwKA=,MFJTaWH0hXJ4c18V3hQ7f+8tKEE=
-56,-124,YyX3OLMVRRwEizImYMXXgErLwKA=,MFJTaWH0hXJ4c18V3hQ7f+8tKEE=
-55,-125,YyX3OLMVRRwEizImYMXXgErLwKA=,MFJTaWH0hXJ4c18V3hQ7f+8tKEE=
-49,-125,YyX3OLMVRRwEizImYMXXgErLwKA=,MFJTaWH0hXJ4c18V3hQ7f+8tKEE=
-50,-125,YyX3OLMVRRwEizImYMXXgErLwKA=,MFJTaWH0hXJ4c18V3hQ7f+8tKEE=
-56,-125,YyX3OLMVRRwEizImYMXXgErLwKA=,MFJTaWH0hXJ4c18V3hQ7f+8tKEE=
-50,-124,YyX3OLMVRRwEizImYMXXgErLwKA=,MFJTaWH0hXJ4c18V3hQ7f+8tKEE=
-51,-124,YyX3OLMVRRwEizImYMXXgErLwKA=,MFJTaWH0hXJ4c18V3hQ7f+8tKEE=
-52,-123,YyX3OLMVRRwEizImYMXXgErLwKA=,MFJTaWH0hXJ4c18V3hQ7f+8tKEE=
-49,-126,YyX3OLMVRRwEizImYMXXgErLwKA=,MFJTaWH0hXJ4c18V3hQ7f+8tKEE=
-52,-124,YyX3OLMVRRwEizImYMXXgErLwKA=,MFJTaWH0hXJ4c18V3hQ7f+8tKEE=
-50,-126,YyX3OLMVRRwEizImYMXXgErLwKA=,MFJTaWH0hXJ4c18V3hQ7f+8tKEE=
-53,-124,YyX3OLMVRRwEizImYMXXgErLwKA=,MFJTaWH0hXJ4c18V3hQ7f+8tKEE=
-51,-125,YyX3OLMVRRwEizImYMXXgErLwKA=,MFJTaWH0hXJ4c18V3hQ7f+8tKEE=
-55,-127,YyX3OLMVRRwEizImYMXXgErLwKA=,MFJTaWH0hXJ4c18V3hQ7f+8tKEE=
-49,-127,YyX3OLMVRRwEizImYMXXgErLwKA=,MFJTaWH0hXJ4c18V3hQ7f+8tKEE=
-50,-127,YyX3OLMVRRwEizImYMXXgErLwKA=,MFJTaWH0hXJ4c18V3hQ7f+8tKEE=
-52,-125,YyX3OLMVRRwEizImYMXXgErLwKA=,MFJTaWH0hXJ4c18V3hQ7f+8tKEE=
-51,-126,YyX3OLMVRRwEizImYMXXgErLwKA=,MFJTaWH0hXJ4c18V3hQ7f+8tKEE=
-53,-123,YyX3OLMVRRwEizImYMXXgErLwKA=,MFJTaWH0hXJ4c18V3hQ7f+8tKEE=
-51,-127,YyX3OLMVRRwEizImYMXXgErLwKA=,MFJTaWH0hXJ4c18V3hQ7f+8tKEE=
-52,-127,YyX3OLMVRRwEizImYMXXgErLwKA=,MFJTaWH0hXJ4c18V3hQ7f+8tKEE=
-53,-127,YyX3OLMVRRwEizImYMXXgErLwKA=,MFJTaWH0hXJ4c18V3hQ7f+8tKEE=
-54,-127,YyX3OLMVRRwEizImYMXXgErLwKA=,MFJTaWH0hXJ4c18V3hQ7f+8tKEE=
-55,-128,YyX3OLMVRRwEizImYMXXgErLwKA=,MFJTaWH0hXJ4c18V3hQ7f+8tKEE=
-52,-126,YyX3OLMVRRwEizImYMXXgErLwKA=,MFJTaWH0hXJ4c18V3hQ7f+8tKEE=
-54,-123,YyX3OLMVRRwEizImYMXXgErLwKA=,MFJTaWH0hXJ4c18V3hQ7f+8tKEE=
-53,-125,YyX3OLMVRRwEizImYMXXgErLwKA=,MFJTaWH0hXJ4c18V3hQ7f+8tKEE=
-53,-126,YyX3OLMVRRwEizImYMXXgErLwKA=,MFJTaWH0hXJ4c18V3hQ7f+8tKEE=
-54,-124,YyX3OLMVRRwEizImYMXXgErLwKA=,MFJTaWH0hXJ4c18V3hQ7f+8tKEE=
-54,-126,YyX3OLMVRRwEizImYMXXgErLwKA=,MFJTaWH0hXJ4c18V3hQ7f+8tKEE=
-54,-125,YyX3OLMVRRwEizImYMXXgErLwKA=,MFJTaWH0hXJ4c18V3hQ7f+8tKEE=
-56,-128,YyX3OLMVRRwEizImYMXXgErLwKA=,MFJTaWH0hXJ4c18V3hQ7f+8tKEE=
-49,-121,YyX3OLMVRRwEizImYMXXgErLwKA=,MFJTaWH0hXJ4c18V3hQ7f+8tKEE=
-56,-127,YyX3OLMVRRwEizImYMXXgErLwKA=,MFJTaWH0hXJ4c18V3hQ7f+8tKEE=
-49,-128,YyX3OLMVRRwEizImYMXXgErLwKA=,MFJTaWH0hXJ4c18V3hQ7f+8tKEE=
-50,-128,YyX3OLMVRRwEizImYMXXgErLwKA=,MFJTaWH0hXJ4c18V3hQ7f+8tKEE=
-51,-128,YyX3OLMVRRwEizImYMXXgErLwKA=,MFJTaWH0hXJ4c18V3hQ7f+8tKEE=
-52,-128,YyX3OLMVRRwEizImYMXXgErLwKA=,MFJTaWH0hXJ4c18V3hQ7f+8tKEE=
-53,-128,YyX3OLMVRRwEizImYMXXgErLwKA=,MFJTaWH0hXJ4c18V3hQ7f+8tKEE=
-54,-128,YyX3OLMVRRwEizImYMXXgErLwKA=,MFJTaWH0hXJ4c18V3hQ7f+8tKEE=
-55,-123,YyX3OLMVRRwEizImYMXXgErLwKA=,MFJTaWH0hXJ4c18V3hQ7f+8tKEE=
-56,-126,YyX3OLMVRRwEizImYMXXgErLwKA=,MFJTaWH0hXJ4c18V3hQ7f+8tKEE=
-50,-121,YyX3OLMVRRwEizImYMXXgErLwKA=,MFJTaWH0hXJ4c18V3hQ7f+8tKEE=
-51,-121,YyX3OLMVRRwEizImYMXXgErLwKA=,MFJTaWH0hXJ4c18V3hQ7f+8tKEE=
-56,-123,YyX3OLMVRRwEizImYMXXgErLwKA=,MFJTaWH0hXJ4c18V3hQ7f+8tKEE=
-52,-121,YyX3OLMVRRwEizImYMXXgErLwKA=,MFJTaWH0hXJ4c18V3hQ7f+8tKEE=
-56,-121,YyX3OLMVRRwEizImYMXXgErLwKA=,MFJTaWH0hXJ4c18V3hQ7f+8tKEE=
-49,-122,YyX3OLMVRRwEizImYMXXgErLwKA=,MFJTaWH0hXJ4c18V3hQ7f+8tKEE=
