-1,-1,eruspJWSk/8OnGW1ayc+y9TE3HI=,6SI/4w5N6C7Ja5n5dt6AqiThmCo=
-1,-2,eruspJWSk/8OnGW1ayc+y9TE3HI=,KHCdfOY4vUdvYnTIRx+bdVuDtKw=
-1,-3,eruspJWSk/8OnGW1ayc+y9TE3HI=,BuReKko3R4Ixrh08oJW1k8NTECk=
-1,-4,eruspJWSk/8OnGW1ayc+y9TE3HI=,Ak+DsaaXjZcanXyYGIP5NcuCtSI=
-1,-5,eruspJWSk/8OnGW1ayc+y9TE3HI=,/bUaT0ylzycbXc7tmKxcj/Pm8QE=
-1,-6,eruspJWSk/8OnGW1ayc+y9TE3HI=,OstsI/UaR+/7cNUDGuAZqjs8tJc=
-1,-7,eruspJWSk/8OnGW1ayc+y9TE3HI=,q8FQPhvKq2xBcmFHz2GWjLcmIfI=
-1,-8,eruspJWSk/8OnGW1ayc+y9TE3HI=,PIi2qA/rpBh0LBWKWvJnjw8uGcA=
-1,-9,eruspJWSk/8OnGW1ayc+y9TE3HI=,ont/O+IhBqzlW5jeo7S0CELPg2E=
-1,-11,eruspJWSk/8OnGW1ayc+y9TE3HI=,q/uWkMnuyT6BpSACr+UU7MYZqA0=
-2,-2,ELEElBbpmzUnMOmFSXMJAo4oDeM=,dKwfAM3F+N8ziZiNzvPuEZmqU80=
-2,-1,ELEElBbpmzUnMOmFSXMJAo4oDeM=,ajQr3hyHBZhZYdtkHkDx+VBS6nQ=
-2,-4,ELEElBbpmzUnMOmFSXMJAo4oDeM=,kEnlisymgHt6y+dNWx2VHksn7sE=
-2,-3,ELEElBbpmzUnMOmFSXMJAo4oDeM=,GjduFYuWXCVmWHODmaCtF9dFqpc=
-2,-8,ELEElBbpmzUnMOmFSXMJAo4oDeM=,zSxXq2gt7J8e1MwAj7LJGVcSfVc=
-2,-7,ELEElBbpmzUnMOmFSXMJAo4oDeM=,6qslt4AtEVwgBDPg+6XgOwhiuWU=
-2,-9,ELEElBbpmzUnMOmFSXMJAo4oDeM=,xNAt56DjEdSBy+sCjARbWCBMSGY=
-3,-3,ELEElBbpmzUnMOmFSXMJAo4oDeM=,/kWdkI9k2CrqMwStMuAR80ZYkOs=
-3,-4,ELEElBbpmzUnMOmFSXMJAo4oDeM=,cuSw5+/qveIYJ4SrFBED5J+d3Sw=
-3,-1,skHXPMwHX5i06E9IdxxQdQ2zPvA=,CnoMfF2CaPuzJa8mTilcJAb9Hss=
-3,-2,skHXPMwHX5i06E9IdxxQdQ2zPvA=,iuCxjKvvnvLznmyL9nyUV0C+9Uk=
-3,-8,skHXPMwHX5i06E9IdxxQdQ2zPvA=,nehOldVL/PgKmTlLamEMBQZUQig=
-3,-11,skHXPMwHX5i06E9IdxxQdQ2zPvA=,J0QixV0sIXpzYX/stjIdQQbvk2I=
-3,-12,skHXPMwHX5i06E9IdxxQdQ2zPvA=,Xnh/XGTA1Cey3jGRWy6UAxHQGzs=
-3,-9,skHXPMwHX5i06E9IdxxQdQ2zPvA=,tEz0LGOI82VKThQYjn9vyVw8q4U=
-3,-10,skHXPMwHX5i06E9IdxxQdQ2zPvA=,Mb8tZTZ9nzFygRzfAfDqnir2/DQ=
-4,-4,skHXPMwHX5i06E9IdxxQdQ2zPvA=,UAWQJaav6+VMJqfMEI634W0V+2s=
-4,-3,skHXPMwHX5i06E9IdxxQdQ2zPvA=,Wbzz//naCoyb9S+FTws3Oxe+mZE=
-4,-2,skHXPMwHX5i06E9IdxxQdQ2zPvA=,wDlRlPxuPVd9y8bDsrMbSCpJVE8=
-4,-1,skHXPMwHX5i06E9IdxxQdQ2zPvA=,khPlLPLNmrgel/Rpllrspl1/370=
-4,-6,HrsmIvcpKgHAM4ZZotP6FARrXjQ=,lt8N1VZURVQA7GEbznDHq9hr78w=
-4,-5,HrsmIvcpKgHAM4ZZotP6FARrXjQ=,f9NH2mpfRTiX5tGLteiAyqILBKI=
-4,-12,HrsmIvcpKgHAM4ZZotP6FARrXjQ=,Y94DG1eBubQ7Hq2FxiHL7TBVsls=
-4,-11,HrsmIvcpKgHAM4ZZotP6FARrXjQ=,ZSJ4lSGm7i8TtK7SSumNAnyV9D8=
-4,-10,HrsmIvcpKgHAM4ZZotP6FARrXjQ=,g9cXw3nidz1xmyMWGLZUkli9EuQ=
-4,-16,HrsmIvcpKgHAM4ZZotP6FARrXjQ=,rD4cAhSIO1lEpNSbxr0vKsLuE+M=
-4,-15,HrsmIvcpKgHAM4ZZotP6FARrXjQ=,FWgwpVMdjgU34+ZQzgDftiux5vY=
-4,-14,HrsmIvcpKgHAM4ZZotP6FARrXjQ=,FWgwpVMdjgU34+ZQzgDftiux5vY=
-4,-13,HrsmIvcpKgHAM4ZZotP6FARrXjQ=,FWgwpVMdjgU34+ZQzgDftiux5vY=
-4,-17,HrsmIvcpKgHAM4ZZotP6FARrXjQ=,jHT3az1570g5Z67YhxICnOrut4U=
-5,-5,HrsmIvcpKgHAM4ZZotP6FARrXjQ=,BG0DFZW+tSxc60UMfbwEmbVjYrM=
-5,-6,HrsmIvcpKgHAM4ZZotP6FARrXjQ=,F/AVdlhZ6TaiutIMqBDwsmej1iA=
-5,-7,HrsmIvcpKgHAM4ZZotP6FARrXjQ=,wD+ezMlhDUe0MsKYWFpLcMWOp4I=
-5,-8,HrsmIvcpKgHAM4ZZotP6FARrXjQ=,fpfD4xQd/kdEnArUZ4+Ey5h3zcU=
-5,-1,HrsmIvcpKgHAM4ZZotP6FARrXjQ=,dy2Yz0V6csJfu3dPZhD2Ks8iRnQ=
-5,-2,HrsmIvcpKgHAM4ZZotP6FARrXjQ=,IeyX/zbbi+4/7rhjtsx+i+Ya+I4=
-5,-4,HrsmIvcpKgHAM4ZZotP6FARrXjQ=,cDaFx8xVV/CqTBvXIg0Jt+LraA8=
-5,-14,w2mgaSFZBlPCGfpUdmJmmepk7ok=,LpUOPuAPYQ2ouyGe37Vmnv2utk0=
-5,-15,w2mgaSFZBlPCGfpUdmJmmepk7ok=,FWgwpVMdjgU34+ZQzgDftiux5vY=
-5,-16,w2mgaSFZBlPCGfpUdmJmmepk7ok=,9STkpe8lkjCBILAlPGxVzI2rw6o=
-5,-11,w2mgaSFZBlPCGfpUdmJmmepk7ok=,9JFMPPDKw+F4hqjKd2HSGvPyYeY=
-5,-12,w2mgaSFZBlPCGfpUdmJmmepk7ok=,WTslZB/HdTJI7GGlGBh2K+4sn3w=
-5,-17,w2mgaSFZBlPCGfpUdmJmmepk7ok=,jHT3az1570g5Z67YhxICnOrut4U=
-6,-6,w2mgaSFZBlPCGfpUdmJmmepk7ok=,DbgzrvM0xvZ5u/icEQaaK3/3Wck=
-6,-8,w2mgaSFZBlPCGfpUdmJmmepk7ok=,d233TdiHEz1cjeJamPWGl5JTKMM=
-6,-7,w2mgaSFZBlPCGfpUdmJmmepk7ok=,EBAh6UTPL20IerDGBWU2DAA9jCA=
-6,-2,w2mgaSFZBlPCGfpUdmJmmepk7ok=,b4J5dU0mlb7IqT+f2QgFiZoL1hE=
-6,-1,w2mgaSFZBlPCGfpUdmJmmepk7ok=,sIcPXLw23ZcixjwGR7pU1abNEy4=
-6,-14,w2mgaSFZBlPCGfpUdmJmmepk7ok=,7BMITLKwnG+SByS+FDhWRgv9BNo=
-6,-13,w2mgaSFZBlPCGfpUdmJmmepk7ok=,YhGGX2wgI0r07jTUA26dIWS8jHc=
-6,-9,w2mgaSFZBlPCGfpUdmJmmepk7ok=,/2Xpgm7O0jWD2byVvY4eazD98D0=
-6,-12,w2mgaSFZBlPCGfpUdmJmmepk7ok=,PtBWm2FoCnqgHKBWxRb6N7vr6v0=
-6,-11,w2mgaSFZBlPCGfpUdmJmmepk7ok=,QoY/UR9WaF7fMN4URsqhlrai5TA=
-7,-7,8bbjh4qICLcmtlaFQfgaXlfct24=,w95jjli5FBWHmj3iYyvIVMauGLc=
-7,-8,8bbjh4qICLcmtlaFQfgaXlfct24=,zEUtrfujDgDrOa4i4hX+xO0I2ww=
-7,-1,8bbjh4qICLcmtlaFQfgaXlfct24=,WBlAKZnaPrGKeNtb3YX0tthdXcg=
-7,-13,8bbjh4qICLcmtlaFQfgaXlfct24=,m/6bxDvV3kjIGh+6Haqw4pDqMmc=
-7,-12,8bbjh4qICLcmtlaFQfgaXlfct24=,QoY/UR9WaF7fMN4URsqhlrai5TA=
-7,-9,8bbjh4qICLcmtlaFQfgaXlfct24=,/2Xpgm7O0jWD2byVvY4eazD98D0=
-9,-1,JPKkAk+7Zd+bIHg6d2iOm/hTAmM=,lJVpVovGsrc+KPJ+5y2ZKlPKXIw=
-10,-2,JPKkAk+7Zd+bIHg6d2iOm/hTAmM=,AH1uyQQhGSK7srcQ/aTal+BDLcI=
-10,-1,JPKkAk+7Zd+bIHg6d2iOm/hTAmM=,OHrJ8E+zSNUIunRh4aCL8JBnDgY=
-10,-3,JPKkAk+7Zd+bIHg6d2iOm/hTAmM=,sDDHsCdUTG7U65yE5RAvZT+cBPs=
-11,-3,2h1otsetWtqd86RuvOOiAgJ+Vz0=,pNJMrZyURcnyP5Ne4HnPE15SzCg=
-11,-2,2h1otsetWtqd86RuvOOiAgJ+Vz0=,4Y7HkM/mh/HZosqhyaPOIul1NVk=
-12,-4,NKax3qBrFsIoVWjSFHBiuCzPE/8=,if711I5/5XQkIR9lxwF95tLC65s=
-12,-3,NKax3qBrFsIoVWjSFHBiuCzPE/8=,/L8vGNUY5dCvmyOARpISfdeO37I=
-12,-2,NKax3qBrFsIoVWjSFHBiuCzPE/8=,oWCqWE36lvp57vJzka9E/KrQmic=
-12,-5,NKax3qBrFsIoVWjSFHBiuCzPE/8=,m3+5/Ee0Sr0oumjRWe9yOWTLZAU=
-13,-5,8wv1BVjUi1EDi6avzcB2Sf3bOgE=,29sWYODu6pzd25mKcLNJLsT87cY=
-13,-6,8wv1BVjUi1EDi6avzcB2Sf3bOgE=,s9Gml1wD9MZfDb1Nl6h6PN7XC/Y=
-13,-2,8wv1BVjUi1EDi6avzcB2Sf3bOgE=,NVuODq+bf1tTmpQn+T3TI6j9w+I=
-13,-3,8wv1BVjUi1EDi6avzcB2Sf3bOgE=,w95ZiBGNMxxDSfjWXvfaQLmGG00=
-13,-4,8wv1BVjUi1EDi6avzcB2Sf3bOgE=,Hsw/Qa3Fo4D2vU/3qHc4b4sK8jg=
-14,-2,8wv1BVjUi1EDi6avzcB2Sf3bOgE=,3JkdW+rThRjqFhJi2NIYjba1Xs0=
-14,-1,8wv1BVjUi1EDi6avzcB2Sf3bOgE=,3JkdW+rThRjqFhJi2NIYjba1Xs0=
-14,-3,8m7WGPsKPFQS2TNGc+utLc6MT6k=,3JkdW+rThRjqFhJi2NIYjba1Xs0=
-15,-1,8m7WGPsKPFQS2TNGc+utLc6MT6k=,EwEMKkv2/qG+5pVBGr/1obHyLo8=
-16,-2,Mv83rGvBuMfh7/6uZi4hMK59oGw=,ClLivqrVRagTFfGv5MIur/xNedA=
-16,-1,Mv83rGvBuMfh7/6uZi4hMK59oGw=,2OCkBatWg2Yqbv80PTXaXponEJE=
-17,-1,RBlc9Qlaa/DyU45VumtA0ISOaRg=,eGY0GmRmXKhr2ffSdNzjC6dyTgE=
-18,-2,09ZUzt5rJ+iWKkg/uZ0/xA/k9F0=,pL+LKdM38ykwXVNT2m2amTkCiws=
-18,-1,09ZUzt5rJ+iWKkg/uZ0/xA/k9F0=,wos1PlA50GYKp6/UME09fd7NRFs=
-19,-3,09ZUzt5rJ+iWKkg/uZ0/xA/k9F0=,l64sleg22sTZqqJQcQzSSI7qq/M=
-19,-2,09ZUzt5rJ+iWKkg/uZ0/xA/k9F0=,+Ra0XHEj4ugPGZoj/dtI51/kq/o=
-20,-3,s5bXj/1JKBERo7UVmm0lBeMJatE=,l64sleg22sTZqqJQcQzSSI7qq/M=
-20,-2,s5bXj/1JKBERo7UVmm0lBeMJatE=,42BOQKctoTkd8RAsptaN0aykQdE=
-21,-2,s5bXj/1JKBERo7UVmm0lBeMJatE=,vvptYpwA9YRYTtZIPjVrlwg65fU=
-22,-2,s5bXj/1JKBERo7UVmm0lBeMJatE=,BY2YMvona5EVvsfxxAwdYoSZR4Y=
-22,-3,s5bXj/1JKBERo7UVmm0lBeMJatE=,ey50xQAtNNSH+Wi+nPu7Lq4nXoQ=
-23,-3,s5bXj/1JKBERo7UVmm0lBeMJatE=,8+RpGq9QWib9awplQj8q/YuWZ44=
-23,-2,s5bXj/1JKBERo7UVmm0lBeMJatE=,d4kT4yZJKQ2qVe18cpbGsSGKdA0=
-24,-3,s5bXj/1JKBERo7UVmm0lBeMJatE=,XSDSkS+PKPxA0NznrmdhWCmMLJA=
-24,-2,s5bXj/1JKBERo7UVmm0lBeMJatE=,XSDSkS+PKPxA0NznrmdhWCmMLJA=
-24,-1,i6/xCrSjhnCgzHMy5SfikmPTU2w=,qIQmRBSawURsQLS+B/yAy5Lk2mo=
-25,-1,i6/xCrSjhnCgzHMy5SfikmPTU2w=,BI1h44ePuWvekxt6hhhmKNFi/AU=
-25,-2,i6/xCrSjhnCgzHMy5SfikmPTU2w=,JQNjmChNy7ZLFke9ogrJFd1TFqI=
-26,-1,i6/xCrSjhnCgzHMy5SfikmPTU2w=,J5vbThhB1ckH7S4lcQEfPOFHm50=
